-- phpMyAdmin SQL Dump
-- version 4.9.5deb2
-- https://www.phpmyadmin.net/
--
-- Host: localhost:3306
-- Generation Time: May 29, 2022 at 03:26 AM
-- Server version: 8.0.28-0ubuntu0.20.04.3
-- PHP Version: 7.4.3

SET SQL_MODE = "NO_AUTO_VALUE_ON_ZERO";
SET AUTOCOMMIT = 0;
START TRANSACTION;
SET time_zone = "+00:00";


/*!40101 SET @OLD_CHARACTER_SET_CLIENT=@@CHARACTER_SET_CLIENT */;
/*!40101 SET @OLD_CHARACTER_SET_RESULTS=@@CHARACTER_SET_RESULTS */;
/*!40101 SET @OLD_COLLATION_CONNECTION=@@COLLATION_CONNECTION */;
/*!40101 SET NAMES utf8mb4 */;

--
-- Database: `jcrm_new`
--

-- --------------------------------------------------------

--
-- Table structure for table `adm_users`
--

CREATE TABLE `adm_users` (
  `id` int UNSIGNED NOT NULL,
  `name` varchar(191) COLLATE utf8mb4_unicode_ci NOT NULL,
  `email` varchar(191) COLLATE utf8mb4_unicode_ci NOT NULL,
  `email_verified_at` timestamp NULL DEFAULT NULL,
  `password` varchar(191) COLLATE utf8mb4_unicode_ci NOT NULL,
  `remember_token` varchar(100) COLLATE utf8mb4_unicode_ci DEFAULT NULL,
  `created_at` datetime NOT NULL DEFAULT CURRENT_TIMESTAMP COMMENT 'Time of creation',
  `updated_at` datetime NOT NULL DEFAULT CURRENT_TIMESTAMP ON UPDATE CURRENT_TIMESTAMP COMMENT 'last updated time',
  `deleted_at` timestamp NULL DEFAULT NULL
) ENGINE=InnoDB DEFAULT CHARSET=utf8mb4 COLLATE=utf8mb4_unicode_ci;

--
-- Dumping data for table `adm_users`
--

INSERT INTO `adm_users` (`id`, `name`, `email`, `email_verified_at`, `password`, `remember_token`, `created_at`, `deleted_at`) VALUES
(1, 'Jacos Super Admin', 'super_admin@jacos.co.jp', NULL, '$2y$10$7bjm3h2U9/qSL4tJQsA0Q.vY1qJGlxN8mWUthDBte3./jREyLqDXy', NULL, '2021-12-02 15:16:01', NULL),
(2, 'Jacos Admin', 'admin@jacos.co.jp', NULL, '$2y$10$G2P2GIHbxsyzLs7yyJc92.0uzi38cQAD1st6J2ugKXEWHiv.dcdze', NULL, '2021-12-02 15:16:01', NULL),
(3, 'Jacos User', 'user@jacos.co.jp', NULL, '$2y$10$cGUWhXKenT.hnxQhqxKEPe8JQit3o/.WM7GK6cdSeMq7XlIFLquS6', NULL, '2021-12-02 15:16:01', NULL);

-- --------------------------------------------------------

--
-- Table structure for table `buyers`
--

CREATE TABLE `buyers` (
  `buyer_id` int UNSIGNED NOT NULL,
  `super_code` char(5) COLLATE utf8mb4_unicode_ci NOT NULL COMMENT 'スーパーコード',
  `name` varchar(100) COLLATE utf8mb4_unicode_ci NOT NULL COMMENT '小売名',
  `name_kana` varchar(100) COLLATE utf8mb4_unicode_ci NOT NULL COMMENT '小売名かな',
  `post_code` varchar(8) COLLATE utf8mb4_unicode_ci NOT NULL COMMENT '郵便番号',
  `address` varchar(500) COLLATE utf8mb4_unicode_ci NOT NULL COMMENT '住所',
  `tel` varchar(15) COLLATE utf8mb4_unicode_ci NOT NULL COMMENT '電話番号',
  `fax` varchar(15) COLLATE utf8mb4_unicode_ci NOT NULL COMMENT 'FAX番号',
  `billing_post_code` varchar(8) COLLATE utf8mb4_unicode_ci NOT NULL COMMENT '請求郵便番号',
  `billing_address` varchar(500) COLLATE utf8mb4_unicode_ci NOT NULL COMMENT '請求住所',
  `billing_tel` varchar(15) COLLATE utf8mb4_unicode_ci NOT NULL COMMENT '請求電話番号',
  `billing_fax` varchar(15) COLLATE utf8mb4_unicode_ci NOT NULL COMMENT '請求FAX番号',
  `deleted_at` timestamp NULL DEFAULT NULL,
  `created_at` timestamp NULL DEFAULT NULL,
  `updated_at` timestamp NULL DEFAULT NULL
) ENGINE=InnoDB DEFAULT CHARSET=utf8mb4 COLLATE=utf8mb4_unicode_ci;

--
-- Dumping data for table `buyers`
--

INSERT INTO `buyers` (`buyer_id`, `super_code`, `name`, `name_kana`, `post_code`, `address`, `tel`, `fax`, `billing_post_code`, `billing_address`, `billing_tel`, `billing_fax`, `deleted_at`, `created_at`, `updated_at`) VALUES
(1, 'AFD', '赤札堂', '', '', '', '03-3834-1916', '', '', '', '', '', NULL, '2021-12-02 03:52:04', '2021-12-02 03:52:04'),
(2, 'BCC', 'ビックカメラ', '', '', '', '03-3987-8887', '', '', '', '', '', NULL, '2021-12-02 03:52:05', '2021-12-02 03:52:05'),
(3, 'BEL', 'ベルク', '', '', '', '049-287-1117', '', '', '', '', '', NULL, '2021-12-02 03:52:05', '2021-12-02 03:52:05'),
(4, 'CP2', 'コンパルワコー', '', '', '', '0489-98-1231', '', '', '', '', '', NULL, '2021-12-02 03:52:06', '2021-12-02 03:52:06'),
(5, 'CSD', 'クリエイト　Ｓ．Ｄ', '', '', '', '', '', '', '', '', '', NULL, '2021-12-02 03:52:06', '2021-12-02 03:52:06'),
(6, 'DIK', '大近（ラッキー）', '', '', '', '06-6453-3860', '', '', '', '', '', NULL, '2021-12-02 03:52:06', '2021-12-02 03:52:06'),
(7, 'DKR', 'ダイコクヤ流通センター', '', '', '', '', '', '', '', '', '', NULL, '2021-12-02 03:52:06', '2021-12-02 03:52:06'),
(8, 'FFL', '大阪パルコ－プ', '', '', '', '06-6242-0905', '', '', '', '', '', NULL, '2021-12-02 03:52:06', '2021-12-02 03:52:06'),
(9, 'ＦＧＳ', 'フジシティオ', '', '', '', '045-641-5826', '', '', '', '', '', NULL, '2021-12-02 03:52:06', '2021-12-02 03:52:06'),
(10, 'HIH', 'ホームインプルーブメントヒロセ', '', '', '', '097-545-8666', '', '', '', '', '', NULL, '2021-12-02 03:52:07', '2021-12-02 03:52:07'),
(11, 'IKR', 'いかりスーパー', '', '', '', '0798-70-5944', '', '', '', '', '', NULL, '2021-12-02 03:52:07', '2021-12-02 03:52:07'),
(12, 'INA', 'いなげや', '', '', '', '', '', '', '', '', '', NULL, '2021-12-02 03:52:07', '2021-12-02 03:52:07'),
(13, 'ＩＳＹ', 'ベイシヤ（カインズ）', '', '', '', '0270-27-8861', '', '', '', '', '', NULL, '2021-12-02 03:52:07', '2021-12-02 03:52:07'),
(14, 'JFK', 'ジョイフルエーケー', '', '', '', '011-752-2920', '', '', '', '', '', NULL, '2021-12-02 03:52:07', '2021-12-02 03:52:07'),
(15, 'KEH', 'ケーヨー', '', '', '', '043-255-1125', '', '', '', '', '', NULL, '2021-12-02 03:52:07', '2021-12-02 03:52:07'),
(16, 'KEO', '京王ストア', '', '', '', '', '', '', '', '', '', NULL, '2021-12-02 03:52:07', '2021-12-02 03:52:07'),
(17, 'KHS', '京北スーパー', '', '', '', '', '', '', '', '', '', NULL, '2021-12-02 03:52:08', '2021-12-02 03:52:08'),
(18, 'KHY', 'スーパーハヤシ', '', '', '', '0475-24-5066', '', '', '', '', '', NULL, '2021-12-02 03:52:08', '2021-12-02 03:52:08'),
(19, 'KNS', 'カンセキ', '', '', '', '028-658-8123', '', '', '', '', '', NULL, '2021-12-02 03:52:08', '2021-12-02 03:52:08'),
(20, 'KSE', '京成ストア', '', '', '', '047-712-7883', '', '', '', '', '', NULL, '2021-12-02 03:52:08', '2021-12-02 03:52:08'),
(21, 'KTK', 'トクオカ（グランマルシェ）', '', '', '', '06-6265-2779', '', '', '', '', '', NULL, '2021-12-02 03:52:08', '2021-12-02 03:52:08'),
(22, 'LD2', 'アークランドサカモト（ランドクラブ', '', '', '', '025-243-0211', '', '', '', '', '', NULL, '2021-12-02 03:52:08', '2021-12-02 03:52:08'),
(23, 'MAE', 'スーパー満栄', '', '', '', '06-6251-5555', '', '', '', '', '', NULL, '2021-12-02 03:52:09', '2021-12-02 03:52:09'),
(24, 'MAT', 'スーパーマツモト　', '', '', '', '07712-4-3751', '', '', '', '', '', NULL, '2021-12-02 03:52:09', '2021-12-02 03:52:09'),
(25, 'MGS', '宮城生協', '', '', '', '022-372-2378', '', '', '', '', '', NULL, '2021-12-02 03:52:09', '2021-12-02 03:52:09'),
(26, 'MRN', 'ＨＣ．マルニ', '', '', '', '088-856-6801', '', '', '', '', '', NULL, '2021-12-02 03:52:09', '2021-12-02 03:52:09'),
(27, 'MUR', '三浦屋', '', '', '', '03-5336-5020', '', '', '', '', '', NULL, '2021-12-02 03:52:09', '2021-12-02 03:52:09'),
(28, 'NAR', 'ナラコ－プ', '', '', '', '0742-34-1139', '', '', '', '', '', NULL, '2021-12-02 03:52:09', '2021-12-02 03:52:09'),
(29, 'NIK', 'ディスカウント二木', '', '', '', '03-3836-0777', '', '', '', '', '', NULL, '2021-12-02 03:52:09', '2021-12-02 03:52:09'),
(30, 'NJM', 'ノジマ', '', '', '', '', '', '', '', '', '', NULL, '2021-12-02 03:52:10', '2021-12-02 03:52:10'),
(31, 'NSK', 'ニッシキ', '', '', '', '0183-73-0160', '', '', '', '', '', NULL, '2021-12-02 03:52:10', '2021-12-02 03:52:10'),
(32, 'NWT', 'ニッシンワールドデリカテッセン', '', '', '', '', '', '', '', '', '', NULL, '2021-12-02 03:52:10', '2021-12-02 03:52:10'),
(33, 'NTN', 'ナショナル物産', '', '', '', '', '', '', '', '', '', NULL, '2021-12-02 03:52:10', '2021-12-02 03:52:10'),
(34, 'ＯＨＹ', '横浜銀行', '', '', '', '', '', '', '', '', '', NULL, '2021-12-02 03:52:10', '2021-12-02 03:52:10'),
(35, 'OIS', '大阪いずみ市民生協', '', '', '', '072-225-2510', '', '', '', '', '', NULL, '2021-12-02 03:52:11', '2021-12-02 03:52:11'),
(36, 'OZK', 'オオゼキ', '', '', '', '', '', '', '', '', '', NULL, '2021-12-02 03:52:11', '2021-12-02 03:52:11'),
(37, 'PLG', 'プラグシティ（ベイシア電器）', '', '', '', '027-210-0300', '', '', '', '', '', NULL, '2021-12-02 03:52:11', '2021-12-02 03:52:11'),
(38, 'SES', '勢州屋', '', '', '', '0243-22-3535', '', '', '', '', '', NULL, '2021-12-02 03:52:12', '2021-12-02 03:52:12'),
(39, 'SKR', 'さくらコマース', '', '', '', '', '', '', '', '', '', NULL, '2021-12-02 03:52:12', '2021-12-02 03:52:12'),
(40, 'SLG', 'シェルガーデン', '', '', '', '', '', '', '', '', '', NULL, '2021-12-02 03:52:12', '2021-12-02 03:52:12'),
(41, 'ＳＭＪ', 'シモジマ', '', '', '', '', '', '', '', '', '', NULL, '2021-12-02 03:52:12', '2021-12-02 03:52:12'),
(42, 'SNS', '信濃屋食品', '', '', '', '', '', '', '', '', '', NULL, '2021-12-02 03:52:12', '2021-12-02 03:52:12'),
(43, 'STK', '三徳', '', '', '', '', '', '', '', '', '', NULL, '2021-12-02 03:52:12', '2021-12-02 03:52:12'),
(44, 'SYN', 'サンヨネ', '', '', '', '', '', '', '', '', '', NULL, '2021-12-02 03:52:12', '2021-12-02 03:52:12'),
(45, 'TOB', '東武ストア', '', '', '', '03-5922‐5367', '', '', '', '', '', NULL, '2021-12-02 03:52:13', '2021-12-02 03:52:13'),
(46, 'TYS', 'タカヨシ', '', '', '', '', '', '', '', '', '', NULL, '2021-12-02 03:52:13', '2021-12-02 03:52:13'),
(47, 'UTK', 'ホームセンター　ユートク', '', '', '', '0952-66-5550', '', '', '', '', '', NULL, '2021-12-02 03:52:13', '2021-12-02 03:52:13'),
(48, 'WAK', '和気産業', '', '', '', '06-6723-5551', '', '', '', '', '', NULL, '2021-12-02 03:52:13', '2021-12-02 03:52:13'),
(49, 'YDE', 'ヤマダ電機', '', '', '', '027-345-8935', '', '', '', '', '', NULL, '2021-12-02 03:52:13', '2021-12-02 03:52:13'),
(50, 'YKM', 'ヨークマート', '', '', '', '', '', '', '', '', '', NULL, '2021-12-02 03:52:14', '2021-12-02 03:52:14'),
(51, 'YSY', 'ヨシヤ', '', '', '', '03-3962-2228', '', '', '', '', '', NULL, '2021-12-02 03:52:14', '2021-12-02 03:52:14'),
(52, 'ZNS', '全日食', '', '', '', '03-5681-2111', '', '', '', '', '', NULL, '2021-12-02 03:52:14', '2021-12-02 03:52:14');

-- --------------------------------------------------------

--
-- Table structure for table `connects`
--

CREATE TABLE `connects` (
  `connect_id` int UNSIGNED NOT NULL,
  `seller_id` int UNSIGNED NOT NULL,
  `buyer_id` int UNSIGNED NOT NULL,
  `partner_code` varchar(10) COLLATE utf8mb4_unicode_ci NOT NULL COMMENT '取引先コード',
  `service_start` date NOT NULL COMMENT '開始日',
  `service_end` date NOT NULL COMMENT '終了日',
  `deleted_at` timestamp NULL DEFAULT NULL,
  `created_at` timestamp NULL DEFAULT NULL,
  `updated_at` timestamp NULL DEFAULT NULL
) ENGINE=InnoDB DEFAULT CHARSET=utf8mb4 COLLATE=utf8mb4_unicode_ci;

--
-- Dumping data for table `connects`
--

INSERT INTO `connects` (`connect_id`, `seller_id`, `buyer_id`, `partner_code`, `service_start`, `service_end`, `deleted_at`, `created_at`, `updated_at`) VALUES
(1, 1, 15, '0', '0000-00-00', '0000-00-00', NULL, '2021-12-02 04:34:58', '2021-12-02 04:34:58'),
(2, 2, 15, '0', '0000-00-00', '0000-00-00', NULL, '2021-12-02 04:34:59', '2021-12-02 04:34:59'),
(3, 3, 33, '0', '0000-00-00', '0000-00-00', NULL, '2021-12-02 04:34:59', '2021-12-02 04:34:59'),
(4, 4, 36, '', '0000-00-00', '0000-00-00', NULL, '2021-12-02 04:34:59', '2021-12-02 04:34:59'),
(5, 5, 25, '0', '0000-00-00', '0000-00-00', NULL, '2021-12-02 04:34:59', '2021-12-02 04:34:59'),
(6, 8, 33, '0', '0000-00-00', '0000-00-00', NULL, '2021-12-02 04:34:59', '2021-12-02 04:34:59'),
(7, 11, 50, '', '0000-00-00', '0000-00-00', NULL, '2021-12-02 04:35:00', '2021-12-02 04:35:00'),
(8, 13, 20, '', '0000-00-00', '0000-00-00', NULL, '2021-12-02 04:35:00', '2021-12-02 04:35:00'),
(9, 15, 36, '', '0000-00-00', '0000-00-00', NULL, '2021-12-02 04:35:00', '2021-12-02 04:35:00'),
(10, 16, 33, '0', '0000-00-00', '0000-00-00', NULL, '2021-12-02 04:35:00', '2021-12-02 04:35:00'),
(11, 18, 36, '0', '0000-00-00', '0000-00-00', NULL, '2021-12-02 04:35:00', '2021-12-02 04:35:00'),
(12, 19, 36, '0', '0000-00-00', '0000-00-00', NULL, '2021-12-02 04:35:00', '2021-12-02 04:35:00'),
(13, 22, 22, '0', '0000-00-00', '0000-00-00', NULL, '2021-12-02 04:35:00', '2021-12-02 04:35:00'),
(14, 23, 20, '', '0000-00-00', '0000-00-00', NULL, '2021-12-02 04:35:01', '2021-12-02 04:35:01'),
(15, 24, 20, '', '0000-00-00', '0000-00-00', NULL, '2021-12-02 04:35:01', '2021-12-02 04:35:01'),
(16, 25, 41, '0', '0000-00-00', '0000-00-00', NULL, '2021-12-02 04:35:01', '2021-12-02 04:35:01'),
(17, 26, 41, '0', '0000-00-00', '0000-00-00', NULL, '2021-12-02 04:35:01', '2021-12-02 04:35:01'),
(18, 28, 20, '', '0000-00-00', '0000-00-00', NULL, '2021-12-02 04:35:01', '2021-12-02 04:35:01'),
(19, 30, 33, '0', '0000-00-00', '0000-00-00', NULL, '2021-12-02 04:35:01', '2021-12-02 04:35:01'),
(20, 30, 32, '0', '0000-00-00', '0000-00-00', NULL, '2021-12-02 04:35:01', '2021-12-02 04:35:01'),
(21, 32, 32, '0', '0000-00-00', '0000-00-00', NULL, '2021-12-02 04:35:01', '2021-12-02 04:35:01'),
(22, 35, 32, '0', '0000-00-00', '0000-00-00', NULL, '2021-12-02 04:35:01', '2021-12-02 04:35:01'),
(23, 39, 1, '', '0000-00-00', '0000-00-00', NULL, '2021-12-02 04:35:02', '2021-12-02 04:35:02'),
(24, 41, 30, '', '0000-00-00', '0000-00-00', NULL, '2021-12-02 04:35:02', '2021-12-02 04:35:02'),
(25, 42, 36, '0', '0000-00-00', '0000-00-00', NULL, '2021-12-02 04:35:02', '2021-12-02 04:35:02'),
(26, 43, 41, '0', '0000-00-00', '0000-00-00', NULL, '2021-12-02 04:35:02', '2021-12-02 04:35:02'),
(27, 44, 27, '0', '0000-00-00', '0000-00-00', NULL, '2021-12-02 04:35:02', '2021-12-02 04:35:02'),
(28, 44, 29, '0', '0000-00-00', '0000-00-00', NULL, '2021-12-02 04:35:02', '2021-12-02 04:35:02'),
(29, 44, 33, '0', '0000-00-00', '0000-00-00', NULL, '2021-12-02 04:35:02', '2021-12-02 04:35:02'),
(30, 45, 1, '', '0000-00-00', '0000-00-00', NULL, '2021-12-02 04:35:03', '2021-12-02 04:35:03'),
(31, 46, 38, '0', '0000-00-00', '0000-00-00', NULL, '2021-12-02 04:35:03', '2021-12-02 04:35:03'),
(32, 52, 3, '', '0000-00-00', '0000-00-00', NULL, '2021-12-02 04:35:03', '2021-12-02 04:35:03'),
(33, 55, 10, '0', '0000-00-00', '0000-00-00', NULL, '2021-12-02 04:35:03', '2021-12-02 04:35:03'),
(34, 56, 32, '0', '0000-00-00', '0000-00-00', NULL, '2021-12-02 04:35:03', '2021-12-02 04:35:03'),
(35, 58, 9, '', '0000-00-00', '0000-00-00', NULL, '2021-12-02 04:35:04', '2021-12-02 04:35:04'),
(36, 63, 51, '0', '0000-00-00', '0000-00-00', NULL, '2021-12-02 04:35:04', '2021-12-02 04:35:04'),
(37, 64, 41, '0', '0000-00-00', '0000-00-00', NULL, '2021-12-02 04:35:04', '2021-12-02 04:35:04'),
(38, 68, 21, '0', '0000-00-00', '0000-00-00', NULL, '2021-12-02 04:35:04', '2021-12-02 04:35:04'),
(39, 68, 23, '0', '0000-00-00', '0000-00-00', NULL, '2021-12-02 04:35:04', '2021-12-02 04:35:04'),
(40, 69, 36, '0', '0000-00-00', '0000-00-00', NULL, '2021-12-02 04:35:04', '2021-12-02 04:35:04'),
(41, 72, 4, '0', '0000-00-00', '0000-00-00', NULL, '2021-12-02 04:35:04', '2021-12-02 04:35:04'),
(42, 75, 20, '', '0000-00-00', '0000-00-00', NULL, '2021-12-02 04:35:05', '2021-12-02 04:35:05'),
(43, 77, 20, '0', '0000-00-00', '0000-00-00', NULL, '2021-12-02 04:35:05', '2021-12-02 04:35:05'),
(44, 78, 38, '0', '0000-00-00', '0000-00-00', NULL, '2021-12-02 04:35:05', '2021-12-02 04:35:05'),
(45, 79, 41, '0', '0000-00-00', '0000-00-00', NULL, '2021-12-02 04:35:05', '2021-12-02 04:35:05'),
(46, 80, 20, '', '0000-00-00', '0000-00-00', NULL, '2021-12-02 04:35:05', '2021-12-02 04:35:05'),
(47, 81, 33, '0', '0000-00-00', '0000-00-00', NULL, '2021-12-02 04:35:05', '2021-12-02 04:35:05'),
(48, 81, 32, '0', '0000-00-00', '0000-00-00', NULL, '2021-12-02 04:35:05', '2021-12-02 04:35:05'),
(49, 82, 13, '', '0000-00-00', '0000-00-00', NULL, '2021-12-02 04:35:06', '2021-12-02 04:35:06'),
(50, 85, 18, '0', '0000-00-00', '0000-00-00', NULL, '2021-12-02 04:35:06', '2021-12-02 04:35:06'),
(51, 87, 9, '', '0000-00-00', '0000-00-00', NULL, '2021-12-02 04:35:06', '2021-12-02 04:35:06'),
(52, 88, 51, '', '0000-00-00', '0000-00-00', NULL, '2021-12-02 04:35:06', '2021-12-02 04:35:06'),
(53, 91, 20, '0', '0000-00-00', '0000-00-00', NULL, '2021-12-02 04:35:06', '2021-12-02 04:35:06'),
(54, 94, 49, '0', '0000-00-00', '0000-00-00', NULL, '2021-12-02 04:35:06', '2021-12-02 04:35:06'),
(55, 96, 33, '0', '0000-00-00', '0000-00-00', NULL, '2021-12-02 04:35:07', '2021-12-02 04:35:07'),
(56, 102, 11, '0', '0000-00-00', '0000-00-00', NULL, '2021-12-02 04:35:07', '2021-12-02 04:35:07'),
(57, 103, 20, '0', '0000-00-00', '0000-00-00', NULL, '2021-12-02 04:35:07', '2021-12-02 04:35:07'),
(58, 105, 9, '', '0000-00-00', '0000-00-00', NULL, '2021-12-02 04:35:07', '2021-12-02 04:35:07'),
(59, 109, 33, '0', '0000-00-00', '0000-00-00', NULL, '2021-12-02 04:35:07', '2021-12-02 04:35:07'),
(60, 109, 41, '0', '0000-00-00', '0000-00-00', NULL, '2021-12-02 04:35:07', '2021-12-02 04:35:07'),
(61, 110, 10, '', '0000-00-00', '0000-00-00', NULL, '2021-12-02 04:35:08', '2021-12-02 04:35:08'),
(62, 110, 14, '', '0000-00-00', '0000-00-00', NULL, '2021-12-02 04:35:08', '2021-12-02 04:35:08'),
(63, 111, 38, '0', '0000-00-00', '0000-00-00', NULL, '2021-12-02 04:35:08', '2021-12-02 04:35:08'),
(64, 114, 33, '0', '0000-00-00', '0000-00-00', NULL, '2021-12-02 04:35:08', '2021-12-02 04:35:08'),
(65, 114, 32, '', '0000-00-00', '0000-00-00', NULL, '2021-12-02 04:35:08', '2021-12-02 04:35:08'),
(66, 115, 33, '0', '0000-00-00', '0000-00-00', NULL, '2021-12-02 04:35:08', '2021-12-02 04:35:08'),
(67, 119, 13, '0', '0000-00-00', '0000-00-00', NULL, '2021-12-02 04:35:08', '2021-12-02 04:35:08'),
(68, 121, 35, '0', '0000-00-00', '0000-00-00', NULL, '2021-12-02 04:35:09', '2021-12-02 04:35:09'),
(69, 122, 31, '0', '0000-00-00', '0000-00-00', NULL, '2021-12-02 04:35:09', '2021-12-02 04:35:09'),
(70, 124, 43, '', '0000-00-00', '0000-00-00', NULL, '2021-12-02 04:35:09', '2021-12-02 04:35:09'),
(71, 125, 43, '', '0000-00-00', '0000-00-00', NULL, '2021-12-02 04:35:09', '2021-12-02 04:35:09'),
(72, 128, 8, '0', '0000-00-00', '0000-00-00', NULL, '2021-12-02 04:35:09', '2021-12-02 04:35:09'),
(73, 128, 35, '0', '0000-00-00', '0000-00-00', NULL, '2021-12-02 04:35:09', '2021-12-02 04:35:09'),
(74, 129, 43, '', '0000-00-00', '0000-00-00', NULL, '2021-12-02 04:35:10', '2021-12-02 04:35:10'),
(75, 133, 5, '0', '0000-00-00', '0000-00-00', NULL, '2021-12-02 04:35:10', '2021-12-02 04:35:10'),
(76, 135, 47, '0', '0000-00-00', '0000-00-00', NULL, '2021-12-02 04:35:10', '2021-12-02 04:35:10'),
(77, 138, 2, '0', '0000-00-00', '0000-00-00', NULL, '2021-12-02 04:35:10', '2021-12-02 04:35:10'),
(78, 138, 37, '0', '0000-00-00', '0000-00-00', NULL, '2021-12-02 04:35:10', '2021-12-02 04:35:10'),
(79, 138, 49, '0', '0000-00-00', '0000-00-00', NULL, '2021-12-02 04:35:10', '2021-12-02 04:35:10'),
(80, 144, 45, '0', '0000-00-00', '0000-00-00', NULL, '2021-12-02 04:35:10', '2021-12-02 04:35:10'),
(81, 148, 33, '0', '0000-00-00', '0000-00-00', NULL, '2021-12-02 04:35:11', '2021-12-02 04:35:11'),
(82, 148, 32, '0', '0000-00-00', '0000-00-00', NULL, '2021-12-02 04:35:11', '2021-12-02 04:35:11'),
(83, 149, 36, '0', '0000-00-00', '0000-00-00', NULL, '2021-12-02 04:35:11', '2021-12-02 04:35:11'),
(84, 151, 1, '', '0000-00-00', '0000-00-00', NULL, '2021-12-02 04:35:11', '2021-12-02 04:35:11'),
(85, 152, 1, '', '0000-00-00', '0000-00-00', NULL, '2021-12-02 04:35:11', '2021-12-02 04:35:11'),
(86, 153, 15, '', '0000-00-00', '0000-00-00', NULL, '2021-12-02 04:35:11', '2021-12-02 04:35:11'),
(87, 154, 40, '', '0000-00-00', '0000-00-00', NULL, '2021-12-02 04:35:11', '2021-12-02 04:35:11'),
(88, 154, 33, '', '0000-00-00', '0000-00-00', NULL, '2021-12-02 04:35:11', '2021-12-02 04:35:11'),
(89, 155, 32, '0', '0000-00-00', '0000-00-00', NULL, '2021-12-02 04:35:12', '2021-12-02 04:35:12'),
(90, 164, 52, '0', '0000-00-00', '0000-00-00', NULL, '2021-12-02 04:35:12', '2021-12-02 04:35:12'),
(91, 165, 25, '', '0000-00-00', '0000-00-00', NULL, '2021-12-02 04:35:12', '2021-12-02 04:35:12'),
(92, 170, 27, '0', '0000-00-00', '0000-00-00', NULL, '2021-12-02 04:35:12', '2021-12-02 04:35:12'),
(93, 175, 5, '0', '0000-00-00', '0000-00-00', NULL, '2021-12-02 04:35:12', '2021-12-02 04:35:12'),
(94, 179, 15, '0', '0000-00-00', '0000-00-00', NULL, '2021-12-02 04:35:12', '2021-12-02 04:35:12'),
(95, 181, 15, '0', '0000-00-00', '0000-00-00', NULL, '2021-12-02 04:35:12', '2021-12-02 04:35:12'),
(96, 182, 15, '', '0000-00-00', '0000-00-00', NULL, '2021-12-02 04:35:13', '2021-12-02 04:35:13'),
(97, 183, 15, '0', '0000-00-00', '0000-00-00', NULL, '2021-12-02 04:35:13', '2021-12-02 04:35:13'),
(98, 184, 15, '0', '0000-00-00', '0000-00-00', NULL, '2021-12-02 04:35:13', '2021-12-02 04:35:13'),
(99, 186, 15, '', '0000-00-00', '0000-00-00', NULL, '2021-12-02 04:35:13', '2021-12-02 04:35:13'),
(100, 187, 7, '0', '0000-00-00', '0000-00-00', NULL, '2021-12-02 04:35:13', '2021-12-02 04:35:13'),
(101, 187, 11, '0', '0000-00-00', '0000-00-00', NULL, '2021-12-02 04:35:13', '2021-12-02 04:35:13'),
(102, 187, 33, '0', '0000-00-00', '0000-00-00', NULL, '2021-12-02 04:35:13', '2021-12-02 04:35:13'),
(103, 188, 41, '0', '0000-00-00', '0000-00-00', NULL, '2021-12-02 04:35:13', '2021-12-02 04:35:13'),
(104, 201, 15, '', '0000-00-00', '0000-00-00', NULL, '2021-12-02 04:35:14', '2021-12-02 04:35:14'),
(105, 203, 38, '0', '0000-00-00', '0000-00-00', NULL, '2021-12-02 04:35:14', '2021-12-02 04:35:14'),
(106, 205, 20, '0', '0000-00-00', '0000-00-00', NULL, '2021-12-02 04:35:14', '2021-12-02 04:35:14'),
(107, 206, 20, '', '0000-00-00', '0000-00-00', NULL, '2021-12-02 04:35:14', '2021-12-02 04:35:14'),
(108, 210, 41, '0', '0000-00-00', '0000-00-00', NULL, '2021-12-02 04:35:14', '2021-12-02 04:35:14'),
(109, 217, 20, '0', '0000-00-00', '0000-00-00', NULL, '2021-12-02 04:35:14', '2021-12-02 04:35:14'),
(110, 227, 41, '0', '0000-00-00', '0000-00-00', NULL, '2021-12-02 04:35:15', '2021-12-02 04:35:15'),
(111, 230, 45, '0', '0000-00-00', '0000-00-00', NULL, '2021-12-02 04:35:15', '2021-12-02 04:35:15'),
(112, 231, 41, '0', '0000-00-00', '0000-00-00', NULL, '2021-12-02 04:35:15', '2021-12-02 04:35:15'),
(113, 232, 41, '0', '0000-00-00', '0000-00-00', NULL, '2021-12-02 04:35:15', '2021-12-02 04:35:15'),
(114, 235, 41, '0', '0000-00-00', '0000-00-00', NULL, '2021-12-02 04:35:15', '2021-12-02 04:35:15'),
(115, 237, 20, '', '0000-00-00', '0000-00-00', NULL, '2021-12-02 04:35:15', '2021-12-02 04:35:15'),
(116, 251, 24, '', '0000-00-00', '0000-00-00', NULL, '2021-12-02 04:35:15', '2021-12-02 04:35:15'),
(117, 252, 28, '', '0000-00-00', '0000-00-00', NULL, '2021-12-02 04:35:16', '2021-12-02 04:35:16'),
(118, 253, 28, '', '0000-00-00', '0000-00-00', NULL, '2021-12-02 04:35:16', '2021-12-02 04:35:16'),
(119, 254, 6, '', '0000-00-00', '0000-00-00', NULL, '2021-12-02 04:35:16', '2021-12-02 04:35:16'),
(120, 256, 26, '', '0000-00-00', '0000-00-00', NULL, '2021-12-02 04:35:16', '2021-12-02 04:35:16'),
(121, 257, 26, '', '0000-00-00', '0000-00-00', NULL, '2021-12-02 04:35:16', '2021-12-02 04:35:16'),
(122, 258, 48, '', '0000-00-00', '0000-00-00', NULL, '2021-12-02 04:35:16', '2021-12-02 04:35:16'),
(123, 257, 50, 'fghjkl', '2021-12-01', '2021-12-31', NULL, '2021-12-02 04:36:35', '2021-12-02 04:36:35');

-- --------------------------------------------------------

--
-- Table structure for table `data_counts`
--

CREATE TABLE `data_counts` (
  `data_count_id` int UNSIGNED NOT NULL,
  `seller_id` int UNSIGNED NOT NULL,
  `buyer_id` int UNSIGNED NOT NULL,
  `type` enum('発注','支払','その他') COLLATE utf8mb4_unicode_ci NOT NULL DEFAULT '発注' COMMENT '種別',
  `start_date` date NOT NULL COMMENT '集計開始日',
  `end_date` date NOT NULL COMMENT '集計終了日',
  `count` mediumint NOT NULL COMMENT 'データ数',
  `deleted_at` timestamp NULL DEFAULT NULL,
  `created_at` timestamp NULL DEFAULT NULL,
  `updated_at` timestamp NULL DEFAULT NULL
) ENGINE=InnoDB DEFAULT CHARSET=utf8mb4 COLLATE=utf8mb4_unicode_ci;

--
-- Dumping data for table `data_counts`
--

INSERT INTO `data_counts` (`data_count_id`, `seller_id`, `buyer_id`, `type`, `start_date`, `end_date`, `count`, `deleted_at`, `created_at`, `updated_at`) VALUES
(2, 164, 52, '発注', '2021-12-01', '2021-12-31', 0, NULL, '2021-12-08 04:14:36', '2021-12-08 04:14:36'),
(3, 88, 51, '発注', '2021-12-01', '2021-12-24', 236, NULL, '2021-12-08 04:22:05', '2021-12-08 04:22:05'),
(4, 1, 15, '発注', '2021-10-01', '2021-10-31', 629, NULL, '2021-12-08 04:51:09', '2021-12-08 04:51:09'),
(5, 2, 15, '発注', '2021-10-01', '2021-10-31', 628, NULL, '2021-12-08 04:51:09', '2021-12-08 04:51:09'),
(6, 3, 33, '発注', '2021-10-01', '2021-10-31', 289, NULL, '2021-12-08 04:51:09', '2021-12-08 04:51:09'),
(7, 4, 36, '発注', '2021-10-01', '2021-10-31', 0, NULL, '2021-12-08 04:51:09', '2021-12-08 04:51:09'),
(8, 5, 25, '発注', '2021-10-01', '2021-10-31', 184, NULL, '2021-12-08 04:51:09', '2021-12-08 04:51:09'),
(9, 8, 33, '発注', '2021-10-01', '2021-10-31', 1, NULL, '2021-12-08 04:51:09', '2021-12-08 04:51:09'),
(10, 11, 50, '発注', '2021-10-01', '2021-10-31', 0, NULL, '2021-12-08 04:51:09', '2021-12-08 04:51:09'),
(11, 13, 20, '発注', '2021-10-01', '2021-10-31', 0, NULL, '2021-12-08 04:51:10', '2021-12-08 04:51:10'),
(12, 15, 36, '発注', '2021-10-01', '2021-10-31', 14, NULL, '2021-12-08 04:51:10', '2021-12-08 04:51:10'),
(13, 16, 33, '発注', '2021-10-01', '2021-10-31', 692, NULL, '2021-12-08 04:51:10', '2021-12-08 04:51:10'),
(14, 18, 36, '発注', '2021-10-01', '2021-10-31', 421, NULL, '2021-12-08 04:51:10', '2021-12-08 04:51:10'),
(15, 19, 36, '発注', '2021-10-01', '2021-10-31', 391, NULL, '2021-12-08 04:51:10', '2021-12-08 04:51:10'),
(16, 22, 22, '発注', '2021-10-01', '2021-10-31', 14, NULL, '2021-12-08 04:51:11', '2021-12-08 04:51:11'),
(17, 23, 20, '発注', '2021-10-01', '2021-10-31', 0, NULL, '2021-12-08 04:51:11', '2021-12-08 04:51:11'),
(18, 24, 20, '発注', '2021-10-01', '2021-10-31', 0, NULL, '2021-12-08 04:51:11', '2021-12-08 04:51:11'),
(19, 25, 41, '発注', '2021-10-01', '2021-10-31', 1, NULL, '2021-12-08 04:51:11', '2021-12-08 04:51:11'),
(20, 26, 41, '発注', '2021-10-01', '2021-10-31', 46, NULL, '2021-12-08 04:51:11', '2021-12-08 04:51:11'),
(21, 28, 20, '発注', '2021-10-01', '2021-10-31', 0, NULL, '2021-12-08 04:51:11', '2021-12-08 04:51:11'),
(22, 30, 33, '発注', '2021-10-01', '2021-10-31', 12, NULL, '2021-12-08 04:51:11', '2021-12-08 04:51:11'),
(23, 30, 32, '発注', '2021-10-01', '2021-10-31', 0, NULL, '2021-12-08 04:51:11', '2021-12-08 04:51:11'),
(24, 32, 32, '発注', '2021-10-01', '2021-10-31', 76, NULL, '2021-12-08 04:51:12', '2021-12-08 04:51:12'),
(25, 35, 32, '発注', '2021-10-01', '2021-10-31', 39, NULL, '2021-12-08 04:51:12', '2021-12-08 04:51:12'),
(26, 39, 1, '発注', '2021-10-01', '2021-10-31', 0, NULL, '2021-12-08 04:51:12', '2021-12-08 04:51:12'),
(27, 41, 30, '発注', '2021-10-01', '2021-10-31', 0, NULL, '2021-12-08 04:51:12', '2021-12-08 04:51:12'),
(28, 42, 36, '発注', '2021-10-01', '2021-10-31', 1, NULL, '2021-12-08 04:51:12', '2021-12-08 04:51:12'),
(29, 43, 41, '発注', '2021-10-01', '2021-10-31', 9, NULL, '2021-12-08 04:51:12', '2021-12-08 04:51:12'),
(30, 44, 27, '発注', '2021-10-01', '2021-10-31', 222, NULL, '2021-12-08 04:51:12', '2021-12-08 04:51:12'),
(31, 44, 29, '発注', '2021-10-01', '2021-10-31', 863, NULL, '2021-12-08 04:51:12', '2021-12-08 04:51:12'),
(32, 44, 33, '発注', '2021-10-01', '2021-10-31', 1, NULL, '2021-12-08 04:51:13', '2021-12-08 04:51:13'),
(33, 45, 1, '発注', '2021-10-01', '2021-10-31', 0, NULL, '2021-12-08 04:51:13', '2021-12-08 04:51:13'),
(34, 46, 38, '発注', '2021-10-01', '2021-10-31', 360, NULL, '2021-12-08 04:51:13', '2021-12-08 04:51:13'),
(35, 52, 3, '発注', '2021-10-01', '2021-10-31', 0, NULL, '2021-12-08 04:51:13', '2021-12-08 04:51:13'),
(36, 55, 10, '発注', '2021-10-01', '2021-10-31', 298, NULL, '2021-12-08 04:51:13', '2021-12-08 04:51:13'),
(37, 56, 32, '発注', '2021-10-01', '2021-10-31', 1, NULL, '2021-12-08 04:51:13', '2021-12-08 04:51:13'),
(38, 58, 9, '発注', '2021-10-01', '2021-10-31', 0, NULL, '2021-12-08 04:51:13', '2021-12-08 04:51:13'),
(39, 63, 51, '発注', '2021-10-01', '2021-10-31', 418, NULL, '2021-12-08 04:51:14', '2021-12-08 04:51:14'),
(40, 64, 41, '発注', '2021-10-01', '2021-10-31', 23, NULL, '2021-12-08 04:51:14', '2021-12-08 04:51:14'),
(41, 68, 21, '発注', '2021-10-01', '2021-10-31', 39, NULL, '2021-12-08 04:51:14', '2021-12-08 04:51:14'),
(42, 68, 23, '発注', '2021-10-01', '2021-10-31', 6, NULL, '2021-12-08 04:51:14', '2021-12-08 04:51:14'),
(43, 69, 36, '発注', '2021-10-01', '2021-10-31', 3, NULL, '2021-12-08 04:51:14', '2021-12-08 04:51:14'),
(44, 72, 4, '発注', '2021-10-01', '2021-10-31', 2, NULL, '2021-12-08 04:51:14', '2021-12-08 04:51:14'),
(45, 75, 20, '発注', '2021-10-01', '2021-10-31', 0, NULL, '2021-12-08 04:51:14', '2021-12-08 04:51:14'),
(46, 77, 20, '発注', '2021-10-01', '2021-10-31', 9, NULL, '2021-12-08 04:51:15', '2021-12-08 04:51:15'),
(47, 78, 38, '発注', '2021-10-01', '2021-10-31', 413, NULL, '2021-12-08 04:51:15', '2021-12-08 04:51:15'),
(48, 79, 41, '発注', '2021-10-01', '2021-10-31', 684, NULL, '2021-12-08 04:51:15', '2021-12-08 04:51:15'),
(49, 80, 20, '発注', '2021-10-01', '2021-10-31', 0, NULL, '2021-12-08 04:51:15', '2021-12-08 04:51:15'),
(50, 81, 33, '発注', '2021-10-01', '2021-10-31', 870, NULL, '2021-12-08 04:51:15', '2021-12-08 04:51:15'),
(51, 81, 32, '発注', '2021-10-01', '2021-10-31', 613, NULL, '2021-12-08 04:51:15', '2021-12-08 04:51:15'),
(52, 82, 13, '発注', '2021-10-01', '2021-10-31', 0, NULL, '2021-12-08 04:51:15', '2021-12-08 04:51:15'),
(53, 85, 18, '発注', '2021-10-01', '2021-10-31', 1, NULL, '2021-12-08 04:51:15', '2021-12-08 04:51:15'),
(54, 87, 9, '発注', '2021-10-01', '2021-10-31', 0, NULL, '2021-12-08 04:51:16', '2021-12-08 04:51:16'),
(55, 88, 51, '発注', '2021-10-01', '2021-10-31', 0, NULL, '2021-12-08 04:51:16', '2021-12-08 04:51:16'),
(56, 91, 20, '発注', '2021-10-01', '2021-10-31', 406, NULL, '2021-12-08 04:51:16', '2021-12-08 04:51:16'),
(57, 94, 49, '発注', '2021-10-01', '2021-10-31', 93, NULL, '2021-12-08 04:51:16', '2021-12-08 04:51:16'),
(58, 96, 33, '発注', '2021-10-01', '2021-10-31', 285, NULL, '2021-12-08 04:51:16', '2021-12-08 04:51:16'),
(59, 102, 11, '発注', '2021-10-01', '2021-10-31', 1, NULL, '2021-12-08 04:51:16', '2021-12-08 04:51:16'),
(60, 103, 20, '発注', '2021-10-01', '2021-10-31', 7, NULL, '2021-12-08 04:51:17', '2021-12-08 04:51:17'),
(61, 105, 9, '発注', '2021-10-01', '2021-10-31', 0, NULL, '2021-12-08 04:51:17', '2021-12-08 04:51:17'),
(62, 109, 33, '発注', '2021-10-01', '2021-10-31', 151, NULL, '2021-12-08 04:51:17', '2021-12-08 04:51:17'),
(63, 109, 41, '発注', '2021-10-01', '2021-10-31', 968, NULL, '2021-12-08 04:51:17', '2021-12-08 04:51:17'),
(64, 110, 10, '発注', '2021-10-01', '2021-10-31', 0, NULL, '2021-12-08 04:51:17', '2021-12-08 04:51:17'),
(65, 110, 14, '発注', '2021-10-01', '2021-10-31', 0, NULL, '2021-12-08 04:51:17', '2021-12-08 04:51:17'),
(66, 111, 38, '発注', '2021-10-01', '2021-10-31', 22, NULL, '2021-12-08 04:51:17', '2021-12-08 04:51:17'),
(67, 114, 33, '発注', '2021-10-01', '2021-10-31', 33, NULL, '2021-12-08 04:51:18', '2021-12-08 04:51:18'),
(68, 114, 32, '発注', '2021-10-01', '2021-10-31', 0, NULL, '2021-12-08 04:51:18', '2021-12-08 04:51:18'),
(69, 115, 33, '発注', '2021-10-01', '2021-10-31', 308, NULL, '2021-12-08 04:51:18', '2021-12-08 04:51:18'),
(70, 119, 13, '発注', '2021-10-01', '2021-10-31', 8, NULL, '2021-12-08 04:51:18', '2021-12-08 04:51:18'),
(71, 121, 35, '発注', '2021-10-01', '2021-10-31', 1, NULL, '2021-12-08 04:51:18', '2021-12-08 04:51:18'),
(72, 122, 31, '発注', '2021-10-01', '2021-10-31', 35, NULL, '2021-12-08 04:51:18', '2021-12-08 04:51:18'),
(73, 124, 43, '発注', '2021-10-01', '2021-10-31', 0, NULL, '2021-12-08 04:51:19', '2021-12-08 04:51:19'),
(74, 125, 43, '発注', '2021-10-01', '2021-10-31', 0, NULL, '2021-12-08 04:51:19', '2021-12-08 04:51:19'),
(75, 128, 8, '発注', '2021-10-01', '2021-10-31', 574, NULL, '2021-12-08 04:51:19', '2021-12-08 04:51:19'),
(76, 128, 35, '発注', '2021-10-01', '2021-10-31', 1, NULL, '2021-12-08 04:51:19', '2021-12-08 04:51:19'),
(77, 129, 43, '発注', '2021-10-01', '2021-10-31', 0, NULL, '2021-12-08 04:51:19', '2021-12-08 04:51:19'),
(78, 133, 5, '発注', '2021-10-01', '2021-10-31', 76, NULL, '2021-12-08 04:51:19', '2021-12-08 04:51:19'),
(79, 135, 47, '発注', '2021-10-01', '2021-10-31', 196, NULL, '2021-12-08 04:51:19', '2021-12-08 04:51:19'),
(80, 138, 2, '発注', '2021-10-01', '2021-10-31', 6, NULL, '2021-12-08 04:51:20', '2021-12-08 04:51:20'),
(81, 138, 37, '発注', '2021-10-01', '2021-10-31', 677, NULL, '2021-12-08 04:51:20', '2021-12-08 04:51:20'),
(82, 138, 49, '発注', '2021-10-01', '2021-10-31', 13, NULL, '2021-12-08 04:51:20', '2021-12-08 04:51:20'),
(83, 144, 45, '発注', '2021-10-01', '2021-10-31', 9, NULL, '2021-12-08 04:51:20', '2021-12-08 04:51:20'),
(84, 148, 33, '発注', '2021-10-01', '2021-10-31', 36, NULL, '2021-12-08 04:51:20', '2021-12-08 04:51:20'),
(85, 148, 32, '発注', '2021-10-01', '2021-10-31', 82, NULL, '2021-12-08 04:51:20', '2021-12-08 04:51:20'),
(86, 149, 36, '発注', '2021-10-01', '2021-10-31', 345, NULL, '2021-12-08 04:51:20', '2021-12-08 04:51:20'),
(87, 151, 1, '発注', '2021-10-01', '2021-10-31', 0, NULL, '2021-12-08 04:51:21', '2021-12-08 04:51:21'),
(88, 152, 1, '発注', '2021-10-01', '2021-10-31', 0, NULL, '2021-12-08 04:51:21', '2021-12-08 04:51:21'),
(89, 153, 15, '発注', '2021-10-01', '2021-10-31', 0, NULL, '2021-12-08 04:51:21', '2021-12-08 04:51:21'),
(90, 154, 40, '発注', '2021-10-01', '2021-10-31', 10, NULL, '2021-12-08 04:51:21', '2021-12-08 04:51:21'),
(91, 154, 33, '発注', '2021-10-01', '2021-10-31', 0, NULL, '2021-12-08 04:51:21', '2021-12-08 04:51:21'),
(92, 155, 32, '発注', '2021-10-01', '2021-10-31', 751, NULL, '2021-12-08 04:51:21', '2021-12-08 04:51:21'),
(93, 164, 52, '発注', '2021-10-01', '2021-10-31', 4, NULL, '2021-12-08 04:51:21', '2021-12-08 04:51:21'),
(94, 165, 25, '発注', '2021-10-01', '2021-10-31', 0, NULL, '2021-12-08 04:51:21', '2021-12-08 04:51:21'),
(95, 170, 27, '発注', '2021-10-01', '2021-10-31', 23, NULL, '2021-12-08 04:51:22', '2021-12-08 04:51:22'),
(96, 175, 5, '発注', '2021-10-01', '2021-10-31', 598, NULL, '2021-12-08 04:51:22', '2021-12-08 04:51:22'),
(97, 179, 15, '発注', '2021-10-01', '2021-10-31', 0, NULL, '2021-12-08 04:51:22', '2021-12-08 04:51:22'),
(98, 181, 15, '発注', '2021-10-01', '2021-10-31', 217, NULL, '2021-12-08 04:51:22', '2021-12-08 04:51:22'),
(99, 182, 15, '発注', '2021-10-01', '2021-10-31', 0, NULL, '2021-12-08 04:51:22', '2021-12-08 04:51:22'),
(100, 183, 15, '発注', '2021-10-01', '2021-10-31', 100, NULL, '2021-12-08 04:51:22', '2021-12-08 04:51:22'),
(101, 184, 15, '発注', '2021-10-01', '2021-10-31', 30, NULL, '2021-12-08 04:51:22', '2021-12-08 04:51:22'),
(102, 186, 15, '発注', '2021-10-01', '2021-10-31', 0, NULL, '2021-12-08 04:51:22', '2021-12-08 04:51:22'),
(103, 187, 7, '発注', '2021-10-01', '2021-10-31', 6, NULL, '2021-12-08 04:51:23', '2021-12-08 04:51:23'),
(104, 187, 11, '発注', '2021-10-01', '2021-10-31', 144, NULL, '2021-12-08 04:51:23', '2021-12-08 04:51:23'),
(105, 187, 33, '発注', '2021-10-01', '2021-10-31', 207, NULL, '2021-12-08 04:51:23', '2021-12-08 04:51:23'),
(106, 188, 41, '発注', '2021-10-01', '2021-10-31', 175, NULL, '2021-12-08 04:51:23', '2021-12-08 04:51:23'),
(107, 201, 15, '発注', '2021-10-01', '2021-10-31', 0, NULL, '2021-12-08 04:51:23', '2021-12-08 04:51:23'),
(108, 203, 38, '発注', '2021-10-01', '2021-10-31', 158, NULL, '2021-12-08 04:51:23', '2021-12-08 04:51:23'),
(109, 205, 20, '発注', '2021-10-01', '2021-10-31', 1, NULL, '2021-12-08 04:51:24', '2021-12-08 04:51:24'),
(110, 206, 20, '発注', '2021-10-01', '2021-10-31', 0, NULL, '2021-12-08 04:51:24', '2021-12-08 04:51:24'),
(111, 210, 41, '発注', '2021-10-01', '2021-10-31', 135, NULL, '2021-12-08 04:51:24', '2021-12-08 04:51:24'),
(112, 217, 20, '発注', '2021-10-01', '2021-10-31', 408, NULL, '2021-12-08 04:51:24', '2021-12-08 04:51:24'),
(113, 227, 41, '発注', '2021-10-01', '2021-10-31', 10, NULL, '2021-12-08 04:51:24', '2021-12-08 04:51:24'),
(114, 230, 45, '発注', '2021-10-01', '2021-10-31', 485, NULL, '2021-12-08 04:51:25', '2021-12-08 04:51:25'),
(115, 231, 41, '発注', '2021-10-01', '2021-10-31', 4, NULL, '2021-12-08 04:51:25', '2021-12-08 04:51:25'),
(116, 232, 41, '発注', '2021-10-01', '2021-10-31', 45, NULL, '2021-12-08 04:51:25', '2021-12-08 04:51:25'),
(117, 235, 41, '発注', '2021-10-01', '2021-10-31', 215, NULL, '2021-12-08 04:51:25', '2021-12-08 04:51:25'),
(118, 237, 20, '発注', '2021-10-01', '2021-10-31', 0, NULL, '2021-12-08 04:51:25', '2021-12-08 04:51:25'),
(119, 251, 24, '発注', '2021-10-01', '2021-10-31', 12, NULL, '2021-12-08 04:51:26', '2021-12-08 04:51:26'),
(120, 252, 28, '発注', '2021-10-01', '2021-10-31', 11, NULL, '2021-12-08 04:51:26', '2021-12-08 04:51:26'),
(121, 253, 28, '発注', '2021-10-01', '2021-10-31', 0, NULL, '2021-12-08 04:51:26', '2021-12-08 04:51:26'),
(122, 254, 6, '発注', '2021-10-01', '2021-10-31', 270, NULL, '2021-12-08 04:51:26', '2021-12-08 04:51:26'),
(123, 256, 26, '発注', '2021-10-01', '2021-10-31', 17, NULL, '2021-12-08 04:51:26', '2021-12-08 04:51:26'),
(124, 257, 26, '発注', '2021-10-01', '2021-10-31', 7, NULL, '2021-12-08 04:51:26', '2021-12-08 04:51:26'),
(125, 258, 48, '発注', '2021-10-01', '2021-10-31', 4, NULL, '2021-12-08 04:51:26', '2021-12-08 04:51:26'),
(126, 1, 15, '発注', '2021-10-01', '2021-10-31', 629, NULL, '2021-12-14 02:56:23', '2021-12-14 02:56:23'),
(127, 2, 15, '発注', '2021-10-01', '2021-10-31', 628, NULL, '2021-12-14 02:56:23', '2021-12-14 02:56:23'),
(128, 3, 33, '発注', '2021-10-01', '2021-10-31', 289, NULL, '2021-12-14 02:56:23', '2021-12-14 02:56:23'),
(129, 4, 36, '発注', '2021-10-01', '2021-10-31', 0, NULL, '2021-12-14 02:56:23', '2021-12-14 02:56:23'),
(130, 5, 25, '発注', '2021-10-01', '2021-10-31', 184, NULL, '2021-12-14 02:56:23', '2021-12-14 02:56:23'),
(131, 8, 33, '発注', '2021-10-01', '2021-10-31', 1, NULL, '2021-12-14 02:56:24', '2021-12-14 02:56:24'),
(132, 11, 50, '発注', '2021-10-01', '2021-10-31', 0, NULL, '2021-12-14 02:56:24', '2021-12-14 02:56:24'),
(133, 13, 20, '発注', '2021-10-01', '2021-10-31', 0, NULL, '2021-12-14 02:56:24', '2021-12-14 02:56:24'),
(134, 15, 36, '発注', '2021-10-01', '2021-10-31', 14, NULL, '2021-12-14 02:56:24', '2021-12-14 02:56:24'),
(135, 16, 33, '発注', '2021-10-01', '2021-10-31', 692, NULL, '2021-12-14 02:56:24', '2021-12-14 02:56:24'),
(136, 18, 36, '発注', '2021-10-01', '2021-10-31', 421, NULL, '2021-12-14 02:56:24', '2021-12-14 02:56:24'),
(137, 19, 36, '発注', '2021-10-01', '2021-10-31', 391, NULL, '2021-12-14 02:56:25', '2021-12-14 02:56:25'),
(138, 22, 22, '発注', '2021-10-01', '2021-10-31', 14, NULL, '2021-12-14 02:56:25', '2021-12-14 02:56:25'),
(139, 23, 20, '発注', '2021-10-01', '2021-10-31', 0, NULL, '2021-12-14 02:56:25', '2021-12-14 02:56:25'),
(140, 24, 20, '発注', '2021-10-01', '2021-10-31', 0, NULL, '2021-12-14 02:56:25', '2021-12-14 02:56:25'),
(141, 25, 41, '発注', '2021-10-01', '2021-10-31', 1, NULL, '2021-12-14 02:56:25', '2021-12-14 02:56:25'),
(142, 26, 41, '発注', '2021-10-01', '2021-10-31', 46, NULL, '2021-12-14 02:56:25', '2021-12-14 02:56:25'),
(143, 28, 20, '発注', '2021-10-01', '2021-10-31', 0, NULL, '2021-12-14 02:56:25', '2021-12-14 02:56:25'),
(144, 30, 33, '発注', '2021-10-01', '2021-10-31', 12, NULL, '2021-12-14 02:56:26', '2021-12-14 02:56:26'),
(145, 30, 32, '発注', '2021-10-01', '2021-10-31', 0, NULL, '2021-12-14 02:56:26', '2021-12-14 02:56:26'),
(146, 32, 32, '発注', '2021-10-01', '2021-10-31', 76, NULL, '2021-12-14 02:56:26', '2021-12-14 02:56:26'),
(147, 35, 32, '発注', '2021-10-01', '2021-10-31', 39, NULL, '2021-12-14 02:56:26', '2021-12-14 02:56:26'),
(148, 39, 1, '発注', '2021-10-01', '2021-10-31', 0, NULL, '2021-12-14 02:56:26', '2021-12-14 02:56:26'),
(149, 41, 30, '発注', '2021-10-01', '2021-10-31', 0, NULL, '2021-12-14 02:56:26', '2021-12-14 02:56:26'),
(150, 42, 36, '発注', '2021-10-01', '2021-10-31', 1, NULL, '2021-12-14 02:56:27', '2021-12-14 02:56:27'),
(151, 43, 41, '発注', '2021-10-01', '2021-10-31', 9, NULL, '2021-12-14 02:56:27', '2021-12-14 02:56:27'),
(152, 44, 27, '発注', '2021-10-01', '2021-10-31', 222, NULL, '2021-12-14 02:56:27', '2021-12-14 02:56:27'),
(153, 44, 29, '発注', '2021-10-01', '2021-10-31', 863, NULL, '2021-12-14 02:56:27', '2021-12-14 02:56:27'),
(154, 44, 33, '発注', '2021-10-01', '2021-10-31', 1, NULL, '2021-12-14 02:56:27', '2021-12-14 02:56:27'),
(155, 45, 1, '発注', '2021-10-01', '2021-10-31', 0, NULL, '2021-12-14 02:56:27', '2021-12-14 02:56:27'),
(156, 46, 38, '発注', '2021-10-01', '2021-10-31', 360, NULL, '2021-12-14 02:56:27', '2021-12-14 02:56:27'),
(157, 52, 3, '発注', '2021-10-01', '2021-10-31', 0, NULL, '2021-12-14 02:56:28', '2021-12-14 02:56:28'),
(158, 55, 10, '発注', '2021-10-01', '2021-10-31', 298, NULL, '2021-12-14 02:56:28', '2021-12-14 02:56:28'),
(159, 56, 32, '発注', '2021-10-01', '2021-10-31', 1, NULL, '2021-12-14 02:56:28', '2021-12-14 02:56:28'),
(160, 58, 9, '発注', '2021-10-01', '2021-10-31', 0, NULL, '2021-12-14 02:56:28', '2021-12-14 02:56:28'),
(161, 63, 51, '発注', '2021-10-01', '2021-10-31', 418, NULL, '2021-12-14 02:56:28', '2021-12-14 02:56:28'),
(162, 64, 41, '発注', '2021-10-01', '2021-10-31', 23, NULL, '2021-12-14 02:56:28', '2021-12-14 02:56:28'),
(163, 68, 21, '発注', '2021-10-01', '2021-10-31', 39, NULL, '2021-12-14 02:56:28', '2021-12-14 02:56:28'),
(164, 68, 23, '発注', '2021-10-01', '2021-10-31', 6, NULL, '2021-12-14 02:56:29', '2021-12-14 02:56:29'),
(165, 69, 36, '発注', '2021-10-01', '2021-10-31', 3, NULL, '2021-12-14 02:56:29', '2021-12-14 02:56:29'),
(166, 72, 4, '発注', '2021-10-01', '2021-10-31', 2, NULL, '2021-12-14 02:56:29', '2021-12-14 02:56:29'),
(167, 75, 20, '発注', '2021-10-01', '2021-10-31', 0, NULL, '2021-12-14 02:56:29', '2021-12-14 02:56:29'),
(168, 77, 20, '発注', '2021-10-01', '2021-10-31', 9, NULL, '2021-12-14 02:56:29', '2021-12-14 02:56:29'),
(169, 78, 38, '発注', '2021-10-01', '2021-10-31', 413, NULL, '2021-12-14 02:56:29', '2021-12-14 02:56:29'),
(170, 79, 41, '発注', '2021-10-01', '2021-10-31', 684, NULL, '2021-12-14 02:56:29', '2021-12-14 02:56:29'),
(171, 80, 20, '発注', '2021-10-01', '2021-10-31', 0, NULL, '2021-12-14 02:56:30', '2021-12-14 02:56:30'),
(172, 81, 33, '発注', '2021-10-01', '2021-10-31', 870, NULL, '2021-12-14 02:56:30', '2021-12-14 02:56:30'),
(173, 81, 32, '発注', '2021-10-01', '2021-10-31', 613, NULL, '2021-12-14 02:56:30', '2021-12-14 02:56:30'),
(174, 82, 13, '発注', '2021-10-01', '2021-10-31', 0, NULL, '2021-12-14 02:56:30', '2021-12-14 02:56:30'),
(175, 85, 18, '発注', '2021-10-01', '2021-10-31', 1, NULL, '2021-12-14 02:56:30', '2021-12-14 02:56:30'),
(176, 87, 9, '発注', '2021-10-01', '2021-10-31', 0, NULL, '2021-12-14 02:56:31', '2021-12-14 02:56:31'),
(177, 88, 51, '発注', '2021-10-01', '2021-10-31', 0, NULL, '2021-12-14 02:56:31', '2021-12-14 02:56:31'),
(178, 91, 20, '発注', '2021-10-01', '2021-10-31', 406, NULL, '2021-12-14 02:56:32', '2021-12-14 02:56:32'),
(179, 94, 49, '発注', '2021-10-01', '2021-10-31', 93, NULL, '2021-12-14 02:56:32', '2021-12-14 02:56:32'),
(180, 96, 33, '発注', '2021-10-01', '2021-10-31', 285, NULL, '2021-12-14 02:56:32', '2021-12-14 02:56:32'),
(181, 102, 11, '発注', '2021-10-01', '2021-10-31', 1, NULL, '2021-12-14 02:56:32', '2021-12-14 02:56:32'),
(182, 103, 20, '発注', '2021-10-01', '2021-10-31', 7, NULL, '2021-12-14 02:56:32', '2021-12-14 02:56:32'),
(183, 105, 9, '発注', '2021-10-01', '2021-10-31', 0, NULL, '2021-12-14 02:56:32', '2021-12-14 02:56:32'),
(184, 109, 33, '発注', '2021-10-01', '2021-10-31', 151, NULL, '2021-12-14 02:56:33', '2021-12-14 02:56:33'),
(185, 109, 41, '発注', '2021-10-01', '2021-10-31', 968, NULL, '2021-12-14 02:56:33', '2021-12-14 02:56:33'),
(186, 110, 10, '発注', '2021-10-01', '2021-10-31', 0, NULL, '2021-12-14 02:56:33', '2021-12-14 02:56:33'),
(187, 110, 14, '発注', '2021-10-01', '2021-10-31', 0, NULL, '2021-12-14 02:56:33', '2021-12-14 02:56:33'),
(188, 111, 38, '発注', '2021-10-01', '2021-10-31', 22, NULL, '2021-12-14 02:56:33', '2021-12-14 02:56:33'),
(189, 114, 33, '発注', '2021-10-01', '2021-10-31', 33, NULL, '2021-12-14 02:56:33', '2021-12-14 02:56:33'),
(190, 114, 32, '発注', '2021-10-01', '2021-10-31', 0, NULL, '2021-12-14 02:56:33', '2021-12-14 02:56:33'),
(191, 115, 33, '発注', '2021-10-01', '2021-10-31', 308, NULL, '2021-12-14 02:56:34', '2021-12-14 02:56:34'),
(192, 119, 13, '発注', '2021-10-01', '2021-10-31', 8, NULL, '2021-12-14 02:56:34', '2021-12-14 02:56:34'),
(193, 121, 35, '発注', '2021-10-01', '2021-10-31', 1, NULL, '2021-12-14 02:56:34', '2021-12-14 02:56:34'),
(194, 122, 31, '発注', '2021-10-01', '2021-10-31', 35, NULL, '2021-12-14 02:56:34', '2021-12-14 02:56:34'),
(195, 124, 43, '発注', '2021-10-01', '2021-10-31', 0, NULL, '2021-12-14 02:56:34', '2021-12-14 02:56:34'),
(196, 125, 43, '発注', '2021-10-01', '2021-10-31', 0, NULL, '2021-12-14 02:56:34', '2021-12-14 02:56:34'),
(197, 128, 8, '発注', '2021-10-01', '2021-10-31', 574, NULL, '2021-12-14 02:56:35', '2021-12-14 02:56:35'),
(198, 128, 35, '発注', '2021-10-01', '2021-10-31', 1, NULL, '2021-12-14 02:56:35', '2021-12-14 02:56:35'),
(199, 129, 43, '発注', '2021-10-01', '2021-10-31', 0, NULL, '2021-12-14 02:56:35', '2021-12-14 02:56:35'),
(200, 133, 5, '発注', '2021-10-01', '2021-10-31', 76, NULL, '2021-12-14 02:56:35', '2021-12-14 02:56:35'),
(201, 135, 47, '発注', '2021-10-01', '2021-10-31', 196, NULL, '2021-12-14 02:56:35', '2021-12-14 02:56:35'),
(202, 138, 2, '発注', '2021-10-01', '2021-10-31', 6, NULL, '2021-12-14 02:56:35', '2021-12-14 02:56:35'),
(203, 138, 37, '発注', '2021-10-01', '2021-10-31', 677, NULL, '2021-12-14 02:56:35', '2021-12-14 02:56:35'),
(204, 138, 49, '発注', '2021-10-01', '2021-10-31', 13, NULL, '2021-12-14 02:56:36', '2021-12-14 02:56:36'),
(205, 144, 45, '発注', '2021-10-01', '2021-10-31', 9, NULL, '2021-12-14 02:56:36', '2021-12-14 02:56:36'),
(206, 148, 33, '発注', '2021-10-01', '2021-10-31', 36, NULL, '2021-12-14 02:56:36', '2021-12-14 02:56:36'),
(207, 148, 32, '発注', '2021-10-01', '2021-10-31', 82, NULL, '2021-12-14 02:56:36', '2021-12-14 02:56:36'),
(208, 149, 36, '発注', '2021-10-01', '2021-10-31', 345, NULL, '2021-12-14 02:56:36', '2021-12-14 02:56:36'),
(209, 151, 1, '発注', '2021-10-01', '2021-10-31', 0, NULL, '2021-12-14 02:56:36', '2021-12-14 02:56:36'),
(210, 152, 1, '発注', '2021-10-01', '2021-10-31', 0, NULL, '2021-12-14 02:56:36', '2021-12-14 02:56:36'),
(211, 153, 15, '発注', '2021-10-01', '2021-10-31', 0, NULL, '2021-12-14 02:56:36', '2021-12-14 02:56:36'),
(212, 154, 40, '発注', '2021-10-01', '2021-10-31', 10, NULL, '2021-12-14 02:56:37', '2021-12-14 02:56:37'),
(213, 154, 33, '発注', '2021-10-01', '2021-10-31', 0, NULL, '2021-12-14 02:56:37', '2021-12-14 02:56:37'),
(214, 155, 32, '発注', '2021-10-01', '2021-10-31', 751, NULL, '2021-12-14 02:56:37', '2021-12-14 02:56:37'),
(215, 164, 52, '発注', '2021-10-01', '2021-10-31', 4, NULL, '2021-12-14 02:56:37', '2021-12-14 02:56:37'),
(216, 165, 25, '発注', '2021-10-01', '2021-10-31', 0, NULL, '2021-12-14 02:56:37', '2021-12-14 02:56:37'),
(217, 170, 27, '発注', '2021-10-01', '2021-10-31', 23, NULL, '2021-12-14 02:56:37', '2021-12-14 02:56:37'),
(218, 175, 5, '発注', '2021-10-01', '2021-10-31', 598, NULL, '2021-12-14 02:56:38', '2021-12-14 02:56:38'),
(219, 179, 15, '発注', '2021-10-01', '2021-10-31', 0, NULL, '2021-12-14 02:56:38', '2021-12-14 02:56:38'),
(220, 181, 15, '発注', '2021-10-01', '2021-10-31', 217, NULL, '2021-12-14 02:56:38', '2021-12-14 02:56:38'),
(221, 182, 15, '発注', '2021-10-01', '2021-10-31', 0, NULL, '2021-12-14 02:56:38', '2021-12-14 02:56:38'),
(222, 183, 15, '発注', '2021-10-01', '2021-10-31', 100, NULL, '2021-12-14 02:56:38', '2021-12-14 02:56:38'),
(223, 184, 15, '発注', '2021-10-01', '2021-10-31', 30, NULL, '2021-12-14 02:56:38', '2021-12-14 02:56:38'),
(224, 186, 15, '発注', '2021-10-01', '2021-10-31', 0, NULL, '2021-12-14 02:56:38', '2021-12-14 02:56:38'),
(225, 187, 7, '発注', '2021-10-01', '2021-10-31', 6, NULL, '2021-12-14 02:56:39', '2021-12-14 02:56:39'),
(226, 187, 11, '発注', '2021-10-01', '2021-10-31', 144, NULL, '2021-12-14 02:56:39', '2021-12-14 02:56:39'),
(227, 187, 33, '発注', '2021-10-01', '2021-10-31', 207, NULL, '2021-12-14 02:56:39', '2021-12-14 02:56:39'),
(228, 188, 41, '発注', '2021-10-01', '2021-10-31', 175, NULL, '2021-12-14 02:56:39', '2021-12-14 02:56:39'),
(229, 201, 15, '発注', '2021-10-01', '2021-10-31', 0, NULL, '2021-12-14 02:56:39', '2021-12-14 02:56:39'),
(230, 203, 38, '発注', '2021-10-01', '2021-10-31', 158, NULL, '2021-12-14 02:56:39', '2021-12-14 02:56:39'),
(231, 205, 20, '発注', '2021-10-01', '2021-10-31', 1, NULL, '2021-12-14 02:56:39', '2021-12-14 02:56:39'),
(232, 206, 20, '発注', '2021-10-01', '2021-10-31', 0, NULL, '2021-12-14 02:56:39', '2021-12-14 02:56:39'),
(233, 210, 41, '発注', '2021-10-01', '2021-10-31', 135, NULL, '2021-12-14 02:56:39', '2021-12-14 02:56:39'),
(234, 217, 20, '発注', '2021-10-01', '2021-10-31', 408, NULL, '2021-12-14 02:56:40', '2021-12-14 02:56:40'),
(235, 227, 41, '発注', '2021-10-01', '2021-10-31', 10, NULL, '2021-12-14 02:56:40', '2021-12-14 02:56:40'),
(236, 230, 45, '発注', '2021-10-01', '2021-10-31', 485, NULL, '2021-12-14 02:56:40', '2021-12-14 02:56:40'),
(237, 231, 41, '発注', '2021-10-01', '2021-10-31', 4, NULL, '2021-12-14 02:56:40', '2021-12-14 02:56:40'),
(238, 232, 41, '発注', '2021-10-01', '2021-10-31', 45, NULL, '2021-12-14 02:56:40', '2021-12-14 02:56:40'),
(239, 235, 41, '発注', '2021-10-01', '2021-10-31', 215, NULL, '2021-12-14 02:56:41', '2021-12-14 02:56:41'),
(240, 237, 20, '発注', '2021-10-01', '2021-10-31', 0, NULL, '2021-12-14 02:56:41', '2021-12-14 02:56:41'),
(241, 251, 24, '発注', '2021-10-01', '2021-10-31', 12, NULL, '2021-12-14 02:56:41', '2021-12-14 02:56:41'),
(242, 252, 28, '発注', '2021-10-01', '2021-10-31', 11, NULL, '2021-12-14 02:56:41', '2021-12-14 02:56:41'),
(243, 253, 28, '発注', '2021-10-01', '2021-10-31', 0, NULL, '2021-12-14 02:56:41', '2021-12-14 02:56:41'),
(244, 254, 6, '発注', '2021-10-01', '2021-10-31', 270, NULL, '2021-12-14 02:56:41', '2021-12-14 02:56:41'),
(245, 256, 26, '発注', '2021-10-01', '2021-10-31', 17, NULL, '2021-12-14 02:56:42', '2021-12-14 02:56:42'),
(246, 257, 26, '発注', '2021-10-01', '2021-10-31', 7, NULL, '2021-12-14 02:56:42', '2021-12-14 02:56:42'),
(247, 258, 48, '発注', '2021-10-01', '2021-10-31', 4, NULL, '2021-12-14 02:56:42', '2021-12-14 02:56:42');

-- --------------------------------------------------------

--
-- Table structure for table `migrations`
--

CREATE TABLE `migrations` (
  `id` int UNSIGNED NOT NULL,
  `migration` varchar(191) COLLATE utf8mb4_unicode_ci NOT NULL,
  `batch` int NOT NULL
) ENGINE=InnoDB DEFAULT CHARSET=utf8mb4 COLLATE=utf8mb4_unicode_ci;

--
-- Dumping data for table `migrations`
--

INSERT INTO `migrations` (`id`, `migration`, `batch`) VALUES
(21, '2014_10_12_100000_create_password_resets_table', 1),
(22, '2018_04_14_172441_adm_users', 1),
(23, '2019_02_20_041757_create_permission_tables', 1),
(24, '2019_03_18_055533_create_users_details_table', 1),
(25, '2021_10_13_111708_create_buyers_table', 1),
(26, '2021_10_13_111840_create_sellers_table', 1),
(27, '2021_10_13_111841_create_connects_table', 1),
(28, '2021_10_13_111929_create_data_counts_table', 1),
(29, '2021_11_03_063422_add_softdelete_to_admusers_table', 1),
(30, '2021_11_03_070447_add_softdelete_to_users_details_table', 1);

-- --------------------------------------------------------

--
-- Table structure for table `model_has_permissions`
--

CREATE TABLE `model_has_permissions` (
  `permission_id` int UNSIGNED NOT NULL,
  `model_type` varchar(191) COLLATE utf8mb4_unicode_ci NOT NULL,
  `model_id` bigint UNSIGNED NOT NULL
) ENGINE=InnoDB DEFAULT CHARSET=utf8mb4 COLLATE=utf8mb4_unicode_ci;

-- --------------------------------------------------------

--
-- Table structure for table `model_has_roles`
--

CREATE TABLE `model_has_roles` (
  `role_id` int UNSIGNED NOT NULL,
  `model_type` varchar(191) COLLATE utf8mb4_unicode_ci NOT NULL,
  `model_id` bigint UNSIGNED NOT NULL
) ENGINE=InnoDB DEFAULT CHARSET=utf8mb4 COLLATE=utf8mb4_unicode_ci;

--
-- Dumping data for table `model_has_roles`
--

INSERT INTO `model_has_roles` (`role_id`, `model_type`, `model_id`) VALUES
(1, 'App\\Models\\ADMIN\\User', 1),
(2, 'App\\Models\\ADMIN\\User', 1),
(3, 'App\\Models\\ADMIN\\User', 1),
(2, 'App\\Models\\ADMIN\\User', 2),
(3, 'App\\Models\\ADMIN\\User', 2),
(3, 'App\\Models\\ADMIN\\User', 3);

-- --------------------------------------------------------

--
-- Table structure for table `password_resets`
--

CREATE TABLE `password_resets` (
  `email` varchar(191) COLLATE utf8mb4_unicode_ci NOT NULL,
  `token` varchar(191) COLLATE utf8mb4_unicode_ci NOT NULL,
  `created_at` timestamp NULL DEFAULT NULL
) ENGINE=InnoDB DEFAULT CHARSET=utf8mb4 COLLATE=utf8mb4_unicode_ci;

-- --------------------------------------------------------

--
-- Table structure for table `permissions`
--

CREATE TABLE `permissions` (
  `id` int UNSIGNED NOT NULL,
  `name` varchar(191) COLLATE utf8mb4_unicode_ci NOT NULL,
  `guard_name` varchar(191) COLLATE utf8mb4_unicode_ci NOT NULL,
  `permission_description` varchar(191) COLLATE utf8mb4_unicode_ci DEFAULT NULL,
  `is_system` tinyint(1) NOT NULL,
  `created_at` datetime NOT NULL DEFAULT CURRENT_TIMESTAMP COMMENT 'Time of creation',
  `updated_at` datetime NOT NULL DEFAULT CURRENT_TIMESTAMP ON UPDATE CURRENT_TIMESTAMP COMMENT 'last updated time'
) ENGINE=InnoDB DEFAULT CHARSET=utf8mb4 COLLATE=utf8mb4_unicode_ci;

--
-- Dumping data for table `permissions`
--

INSERT INTO `permissions` (`id`, `name`, `guard_name`, `permission_description`, `is_system`, `created_at`) VALUES
(1, 'role_menu', 'web', NULL, 1, '2021-12-02 15:16:01'),
(2, 'role_view', 'web', NULL, 1, '2021-12-02 15:16:01'),
(3, 'role_create', 'web', NULL, 1, '2021-12-02 15:16:01'),
(4, 'role_update', 'web', NULL, 1, '2021-12-02 15:16:01'),
(5, 'role_delete', 'web', NULL, 1, '2021-12-02 15:16:01'),
(6, 'permission_menu', 'web', NULL, 1, '2021-12-02 15:16:01'),
(7, 'permission_view', 'web', NULL, 1, '2021-12-02 15:16:01'),
(8, 'permission_create', 'web', NULL, 1, '2021-12-02 15:16:01'),
(9, 'permission_update', 'web', NULL, 1, '2021-12-02 15:16:01'),
(10, 'permission_delete', 'web', NULL, 1, '2021-12-02 15:16:01'),
(11, 'assign_role_to_user_menu', 'web', NULL, 1, '2021-12-02 15:16:01'),
(12, 'assign_role_to_user_view', 'web', NULL, 1, '2021-12-02 15:16:01'),
(13, 'assign_role_to_user_update', 'web', NULL, 1, '2021-12-02 15:16:01'),
(14, 'assign_permission_to_user_menu', 'web', NULL, 1, '2021-12-02 15:16:01'),
(15, 'assign_permission_to_user_view', 'web', NULL, 1, '2021-12-02 15:16:01'),
(16, 'assign_permission_to_user_update', 'web', NULL, 1, '2021-12-02 15:16:01'),
(17, 'manage_user_menu', 'web', NULL, 1, '2021-12-02 15:16:01'),
(18, 'users_view', 'web', NULL, 1, '2021-12-02 15:16:01'),
(19, 'user_profile_view', 'web', NULL, 1, '2021-12-02 15:16:01'),
(20, 'user_create', 'web', NULL, 1, '2021-12-02 15:16:01'),
(21, 'user_permission_view', 'web', NULL, 1, '2021-12-02 15:16:01'),
(22, 'user_update', 'web', NULL, 1, '2021-12-02 15:16:01'),
(23, 'change_password', 'web', NULL, 1, '2021-12-02 15:16:01'),
(24, 'user_delete', 'web', NULL, 1, '2021-12-02 15:16:01'),
(25, 'personal_profile_view', 'web', NULL, 1, '2021-12-02 15:16:01'),
(26, 'personal_user_update', 'web', NULL, 1, '2021-12-02 15:16:01'),
(27, 'personal_password_change', 'web', NULL, 1, '2021-12-02 15:16:01'),
(28, 'all_menu_show', 'web', NULL, 1, '2021-12-02 15:16:01'),
(29, 'dashboard_menu', 'web', NULL, 1, '2021-12-02 15:16:01'),
(30, 'dashboard_view', 'web', NULL, 1, '2021-12-02 15:16:01');

-- --------------------------------------------------------

--
-- Table structure for table `roles`
--

CREATE TABLE `roles` (
  `id` int UNSIGNED NOT NULL,
  `name` varchar(191) COLLATE utf8mb4_unicode_ci NOT NULL,
  `guard_name` varchar(191) COLLATE utf8mb4_unicode_ci NOT NULL,
  `role_description` varchar(191) COLLATE utf8mb4_unicode_ci DEFAULT NULL,
  `is_system` tinyint(1) NOT NULL,
  `created_at` datetime NOT NULL DEFAULT CURRENT_TIMESTAMP COMMENT 'Time of creation',
  `updated_at` datetime NOT NULL DEFAULT CURRENT_TIMESTAMP ON UPDATE CURRENT_TIMESTAMP COMMENT 'last updated time'
) ENGINE=InnoDB DEFAULT CHARSET=utf8mb4 COLLATE=utf8mb4_unicode_ci;

--
-- Dumping data for table `roles`
--

INSERT INTO `roles` (`id`, `name`, `guard_name`, `role_description`, `is_system`, `created_at`) VALUES
(1, 'Super Admin', 'web', NULL, 1, '2021-12-02 15:16:01'),
(2, 'Admin', 'web', NULL, 1, '2021-12-02 15:16:01'),
(3, 'User', 'web', NULL, 1, '2021-12-02 15:16:01');

-- --------------------------------------------------------

--
-- Table structure for table `role_has_permissions`
--

CREATE TABLE `role_has_permissions` (
  `permission_id` int UNSIGNED NOT NULL,
  `role_id` int UNSIGNED NOT NULL
) ENGINE=InnoDB DEFAULT CHARSET=utf8mb4 COLLATE=utf8mb4_unicode_ci;

--
-- Dumping data for table `role_has_permissions`
--

INSERT INTO `role_has_permissions` (`permission_id`, `role_id`) VALUES
(1, 1),
(2, 1),
(3, 1),
(4, 1),
(5, 1),
(6, 1),
(7, 1),
(8, 1),
(9, 1),
(10, 1),
(11, 1),
(12, 1),
(13, 1),
(14, 1),
(15, 1),
(16, 1),
(17, 1),
(18, 1),
(19, 1),
(20, 1),
(21, 1),
(22, 1),
(23, 1),
(24, 1),
(25, 1),
(26, 1),
(27, 1),
(28, 1),
(29, 1),
(30, 1),
(1, 2),
(2, 2),
(3, 2),
(6, 2),
(7, 2),
(8, 2),
(17, 2),
(18, 2),
(19, 2),
(20, 2),
(21, 2),
(23, 2),
(25, 2),
(26, 2),
(27, 2),
(28, 2),
(29, 2),
(30, 2),
(25, 3),
(26, 3),
(27, 3),
(28, 3),
(29, 3),
(30, 3);

-- --------------------------------------------------------

--
-- Table structure for table `sellers`
--

CREATE TABLE `sellers` (
  `seller_id` int UNSIGNED NOT NULL,
  `j_code` varchar(8) COLLATE utf8mb4_unicode_ci NOT NULL COMMENT 'Jコード',
  `name` varchar(100) COLLATE utf8mb4_unicode_ci NOT NULL COMMENT '問屋名',
  `name_kana` varchar(100) COLLATE utf8mb4_unicode_ci NOT NULL COMMENT '問屋名かな',
  `post_code` varchar(8) COLLATE utf8mb4_unicode_ci NOT NULL COMMENT '郵便番号',
  `address` varchar(500) COLLATE utf8mb4_unicode_ci NOT NULL COMMENT '住所',
  `tel` varchar(15) COLLATE utf8mb4_unicode_ci NOT NULL COMMENT '電話番号',
  `fax` varchar(15) COLLATE utf8mb4_unicode_ci NOT NULL COMMENT 'FAX番号',
  `billing_post_code` varchar(8) COLLATE utf8mb4_unicode_ci NOT NULL COMMENT '請求郵便番号',
  `billing_address` varchar(500) COLLATE utf8mb4_unicode_ci NOT NULL COMMENT '請求住所',
  `billing_tel` varchar(15) COLLATE utf8mb4_unicode_ci NOT NULL COMMENT '請求電話番号',
  `billing_fax` varchar(15) COLLATE utf8mb4_unicode_ci NOT NULL COMMENT '請求FAX番号',
  `deleted_at` timestamp NULL DEFAULT NULL,
  `created_at` timestamp NULL DEFAULT NULL,
  `updated_at` timestamp NULL DEFAULT NULL
) ENGINE=InnoDB DEFAULT CHARSET=utf8mb4 COLLATE=utf8mb4_unicode_ci;

--
-- Dumping data for table `sellers`
--

INSERT INTO `sellers` (`seller_id`, `j_code`, `name`, `name_kana`, `post_code`, `address`, `tel`, `fax`, `billing_post_code`, `billing_address`, `billing_tel`, `billing_fax`, `deleted_at`, `created_at`, `updated_at`) VALUES
(1, '000110', '大正製薬株式会社', '', '', '', '', '', '171-8633', '東京都豊島区高田３－２４－１', '03-3985-1111', '', NULL, '2021-12-02 04:00:49', '2021-12-02 04:00:49'),
(2, '000120', 'エスエス製薬㈱', '', '', '', '', '', '163-1488', '東京都新宿区西新宿３－２０－２　東京オペラシティタワー', '03-6301-4511', '', NULL, '2021-12-02 04:00:49', '2021-12-02 04:00:49'),
(3, '000340', '㈱アイネット', '', '', '', '', '', '168-0061', '東京都杉並区大宮１－７－１８', '03-3315-7111', '', NULL, '2021-12-02 04:00:49', '2021-12-02 04:00:49'),
(4, '002140', '㈱あらた　埼玉支店', '', '', '', '', '', '351-0014', '埼玉県朝霞市膝折町２－２１－１２', '048-450-0105', '', NULL, '2021-12-02 04:00:49', '2021-12-02 04:00:49'),
(5, '003380', '㈱伸侊', '', '', '', '', '', '203-0031', '東京都東久留米市南町４－８－５', '0424-75-4594', '', NULL, '2021-12-02 04:00:49', '2021-12-02 04:00:49'),
(6, '003890', '国分フードクリエイト㈱', '', '', '', '', '', '103-0027', '東京都中央区日本橋1-2-6', '03-3276-6767', '', NULL, '2021-12-02 04:00:49', '2021-12-02 04:00:49'),
(7, '004160', '三井食品㈱', '', '', '', '', '', '104-8277', '東京都中央区八重洲２－７－２　八重洲三井ビルディング', '03-3551-6099', '', NULL, '2021-12-02 04:00:49', '2021-12-02 04:00:49'),
(8, '004350', '㈱イタリアンフーズ', '', '', '', '', '', '157-0061', '東京都世田谷区北烏山８－５－１', '03-3326-3011', '', NULL, '2021-12-02 04:00:49', '2021-12-02 04:00:49'),
(9, '004540', '㈱魚一商店', '', '', '', '', '', '961-0400', '福島県白河市表郷金字下ノ内４７', '0248-32-2511', '', NULL, '2021-12-02 04:00:50', '2021-12-02 04:00:50'),
(10, '004800', '下田商事㈱', '', '', '', '', '', '161-8511', '東京都新宿区上落合２－２６－５', '03-3361-6133', '', NULL, '2021-12-02 04:00:50', '2021-12-02 04:00:50'),
(11, '004900', '丸富衛材株式会社', '', '', '', '', '', '417-0847', '静岡県富士市比奈６５０－１', '0545-34-0840', '', NULL, '2021-12-02 04:00:50', '2021-12-02 04:00:50'),
(12, '004970', '㈱中外食品', '', '', '', '', '', '104-0045', '東京都中央区築地３－１３－５', '03-3545-2751', '', NULL, '2021-12-02 04:00:50', '2021-12-02 04:00:50'),
(13, '005240', '㈱山大', '', '', '', '', '', '103-0012', '東京都中央区日本橋堀留町１－４－７', '03-3663-4141', '', NULL, '2021-12-02 04:00:50', '2021-12-02 04:00:50'),
(14, '005410', '㈱共立', '', '', '', '', '', '334-0074', '埼玉県川口市江戸３-１-５', '048-281-2372', '', NULL, '2021-12-02 04:00:50', '2021-12-02 04:00:50'),
(15, '005500', 'オクムラ株式会社', '', '', '', '', '', '600-8882', '京都府京都市下京区西七条比輪田町3番地', '075-313-1550', '', NULL, '2021-12-02 04:00:50', '2021-12-02 04:00:50'),
(16, '005510', 'ヤマエ久野㈱', '', '', '', '', '', '130-0015', '東京都墨田区横網１-６-１　国際ファッションセンタービル８階', '03-5637-1170', '', NULL, '2021-12-02 04:00:51', '2021-12-02 04:00:51'),
(17, '006550', '国分関信越㈱ 第二支社 埼玉支店', '', '', '', '', '', '360-0023', '埼玉県熊谷市佐谷田字山神１７７７　ソシオ流通センター４Ｆ', '048-520-1100', '', NULL, '2021-12-02 04:00:51', '2021-12-02 04:00:51'),
(18, '006590', '㈱エコー　', '', '', '', '', '', '241-0805', '神奈川県横浜市旭区都岡町２９－２', '045-952-1241', '', NULL, '2021-12-02 04:00:51', '2021-12-02 04:00:51'),
(19, '007300', '㈱東京三八', '', '', '', '', '', '182-0016', '東京都調布市佐須町２－３１－１', '0424-90-7738', '', NULL, '2021-12-02 04:00:51', '2021-12-02 04:00:51'),
(20, '007500', '日本ビーンズ㈱　', '', '', '', '', '', '372-0032', '群馬県伊勢崎市北千木町１４３５', '0270-24-8111', '', NULL, '2021-12-02 04:00:51', '2021-12-02 04:00:51'),
(21, '007590', '国分フードクリエイト㈱', '', '', '', '', '', '103-0027', '東京都中央区日本橋1-2-6', '03-3276-6767', '', NULL, '2021-12-02 04:00:51', '2021-12-02 04:00:51'),
(22, '007610', '㈱川口技研', '', '', '', '', '', '333-0844', '埼玉県川口市上青木１－１４－４１', '048-255-5411', '', NULL, '2021-12-02 04:00:51', '2021-12-02 04:00:51'),
(23, '007980', '伊藤ハム㈱　東京営業事業部', '', '', '', '', '', '277-8586', '千葉県柏市根戸１－３', '04-7132-3167', '', NULL, '2021-12-02 04:00:52', '2021-12-02 04:00:52'),
(24, '007990', '信州ハム㈱', '', '', '', '', '', '386-8686', '長野県上田市下塩尻９５０', '0268-22-8686', '', NULL, '2021-12-02 04:00:52', '2021-12-02 04:00:52'),
(25, '008060', '㈱サンヨー堂　東京東支店', '', '', '', '', '', '130-8534', '東京都墨田区錦糸１－５－１４　サンヨー堂錦糸ビル５Ｆ', '03-3626-3437', '', NULL, '2021-12-02 04:00:52', '2021-12-02 04:00:52'),
(26, '008140', '加藤産業㈱　東関東支社', '', '', '', '', '', '121-0816', '東京都足立区梅島3丁目32番6号　第8矢野新ビル9階', '03-5845-6850', '', NULL, '2021-12-02 04:00:52', '2021-12-02 04:00:52'),
(27, '008700', '㈱吉安', '', '', '', '', '', '120-0024', '東京都足立区千住関屋町８－１２', '03-3882-2991', '', NULL, '2021-12-02 04:00:52', '2021-12-02 04:00:52'),
(28, '008790', 'プリマハム㈱　千葉営業所', '', '', '', '', '', '260-0843', '千葉県千葉市中央区末広４－５－１', '043-268-4186', '', NULL, '2021-12-02 04:00:52', '2021-12-02 04:00:52'),
(29, '010040', '三井食品㈱', '', '', '', '', '', '104-8277', '東京都中央区八重洲２－７－２　八重洲三井ビルディング', '03-3551-1303', '', NULL, '2021-12-02 04:00:53', '2021-12-02 04:00:53'),
(30, '010310', '㈱ヤマタネ', '', '', '', '', '', '135-8501', '東京都江東区越中島１-２-２１　ヤマタネビル２Ｆ', '03-3820-9295', '', NULL, '2021-12-02 04:00:53', '2021-12-02 04:00:53'),
(31, '011390', '国分首都圏㈱　', '', '', '', '', '', '103-8241', '東京都中央区日本橋１－１－１', '03-3276-4107', '', NULL, '2021-12-02 04:00:53', '2021-12-02 04:00:53'),
(32, '011410', '㈱日本アクセス　東日本営業部門', '', '', '', '', '', '141-8582', '東京都品川区西品川１-１-１　住友不動産大崎ガーデンタワー', '03-5435-5611', '', NULL, '2021-12-02 04:00:53', '2021-12-02 04:00:53'),
(33, '012850', '㈱イズミック', '', '', '', '', '', '460-8410', '愛知県名古屋市中区栄１－７－３４', '052-229-1626', '', NULL, '2021-12-02 04:00:54', '2021-12-02 04:00:54'),
(34, '013120', '広島共和物産㈱', '', '', '', '', '', '733-0833', '広島県広島市西区商工センター　１－３－４', '082-277-5111', '', NULL, '2021-12-02 04:00:54', '2021-12-02 04:00:54'),
(35, '013490', '国分首都圏㈱　', '', '', '', '', '', '103-8241', '東京都中央区日本橋１－１－１', '03-3276-4107', '', NULL, '2021-12-02 04:00:54', '2021-12-02 04:00:54'),
(36, '014490', '㈱関口', '', '', '', '', '', '322-8588', '栃木県鹿沼市流通センター５８番地', '0289-76-0790', '', NULL, '2021-12-02 04:00:54', '2021-12-02 04:00:54'),
(37, '014510', '伊藤正㈱', '', '', '', '', '', '430-0919', '静岡県浜松市中区野口町４８６', '053-461-4819', '', NULL, '2021-12-02 04:00:54', '2021-12-02 04:00:54'),
(38, '014540', '関口漬物食品株式会社', '', '', '', '', '', '157-0077', '群馬県館林市近藤町1524-22', '0276-75-0261', '', NULL, '2021-12-02 04:00:54', '2021-12-02 04:00:54'),
(39, '014920', '㈱大西商店', '', '', '', '', '', '133-0053', '東京都江戸川区北篠崎２－６－２３', '03-3670-2451', '', NULL, '2021-12-02 04:00:55', '2021-12-02 04:00:55'),
(40, '015850', '㈱万年商店', '', '', '', '', '', '838-0000', '福岡県甘木市大字甘木１９５３－２', '0946-22-3913', '', NULL, '2021-12-02 04:00:55', '2021-12-02 04:00:55'),
(41, '015950', '㈱トーホー', '', '', '', '', '', '158-0096', '東京都世田谷区玉川台2-1-15　ベスト用賀B1', '03-3410-0650', '', NULL, '2021-12-02 04:00:55', '2021-12-02 04:00:55'),
(42, '017950', 'こいしや食品㈱', '', '', '', '', '', '321-0411', '栃木県宇都宮市宮山田町２３５３', '028-674-7800', '', NULL, '2021-12-02 04:00:55', '2021-12-02 04:00:55'),
(43, '018230', 'コカ・コーラボトラーズジャパン㈱', '', '', '', '', '', '363-8601', '埼玉県桶川市大字加納１８０番地', '03-6773-0940', '', NULL, '2021-12-02 04:00:55', '2021-12-02 04:00:55'),
(44, '019780', '㈱芳屋', '', '', '', '', '', '110-0014', '東京都台東区北上野１-４-１', '03-5246-4580', '', NULL, '2021-12-02 04:00:55', '2021-12-02 04:00:55'),
(45, '019870', 'フジパン㈱　東京工場', '', '', '', '', '', '340-0807', '埼玉県八潮市新町３６', '0489-35-0181', '', NULL, '2021-12-02 04:00:55', '2021-12-02 04:00:55'),
(46, '020270', '福島県酒類卸㈱　福島支店', '', '', '', '', '', '960-1196', '福島県福島市大森字宮ノ前２５－２', '0245-45-8020', '', NULL, '2021-12-02 04:00:55', '2021-12-02 04:00:55'),
(47, '024260', '㈱久慈食品', '', '', '', '', '', '335-0031', '埼玉県戸田市美女木１０６８', '048-421-6288', '', NULL, '2021-12-02 04:00:56', '2021-12-02 04:00:56'),
(48, '024890', 'エコートレーディング㈱', '', '', '', '', '', '663-8142', '兵庫県西宮市鳴尾浜２－１－２３', '0798-41-8317', '', NULL, '2021-12-02 04:00:56', '2021-12-02 04:00:56'),
(49, '025410', '国分首都圏㈱　', '', '', '', '', '', '103-8241', '東京都中央区日本橋１－１－１', '03-3276-4107', '', NULL, '2021-12-02 04:00:56', '2021-12-02 04:00:56'),
(50, '025990', '㈲仲村商店', '', '', '', '', '', '174-0062', '東京都板橋区富士見町２７－１７', '03-3963-0533', '', NULL, '2021-12-02 04:00:56', '2021-12-02 04:00:56'),
(51, '027350', '三協', '', '', '', '', '', '195-0061', '東京都町田市鶴川３－１５－３６', '0427-36-6838', '', NULL, '2021-12-02 04:00:56', '2021-12-02 04:00:56'),
(52, '030260', '㈲秩父学給パンセンター', '', '', '', '', '', '369-1871', '埼玉県秩父市下影森３１４', '0494-23-5895', '', NULL, '2021-12-02 04:00:56', '2021-12-02 04:00:56'),
(53, '030400', '㈱マルイチ産商　長野支店', '', '', '', '', '', '381-0192', '長野県長野市若穂川田字外新田3800番地12-1', '026-085-4458', '', NULL, '2021-12-02 04:00:56', '2021-12-02 04:00:56'),
(54, '032110', '㈱黒瀬ペットフード', '', '', '', '', '', '720-2124', '広島県福山市神辺町川南３９６番地の１', '084-963-5005', '', NULL, '2021-12-02 04:00:57', '2021-12-02 04:00:57'),
(55, '033970', '㈱ウッドストック', '', '', '', '', '', '264-0031', '千葉県千葉市若葉区愛生町８４', '043-254-9200', '', NULL, '2021-12-02 04:00:57', '2021-12-02 04:00:57'),
(56, '034950', '三和流通産業㈱　首都圏支店', '', '', '', '', '', '338-0826', '埼玉県さいたま市桜区大久保領家７００－１', '048-857-3400', '', NULL, '2021-12-02 04:00:57', '2021-12-02 04:00:57'),
(57, '035230', '㈱こうじや', '', '', '', '', '', '311-1251', '茨城県ひたちなか市山崎１２１　山崎工業団地内', '029-264-2611', '', NULL, '2021-12-02 04:00:57', '2021-12-02 04:00:57'),
(58, '036050', '㈱カワダ', '', '', '', '', '', '160-0072', '東京都新宿区大久保２-５-２５', '03-3209-8362', '', NULL, '2021-12-02 04:00:57', '2021-12-02 04:00:57'),
(59, '037100', '㈱ブロード', '', '', '', '', '', '300-0068', '茨城県土浦市西並木３７８１－２９', '0298-21-2621', '', NULL, '2021-12-02 04:00:57', '2021-12-02 04:00:57'),
(60, '038390', '㈱池田喜平商店', '', '', '', '', '', '287-0003', '千葉県香取市佐原イ３９３０', '0478-55-1311', '', NULL, '2021-12-02 04:00:57', '2021-12-02 04:00:57'),
(61, '038600', 'お茶の丸幸㈱', '', '', '', '', '', '154-0023', '東京都世田谷区若林１－１８－１３', '03-3413-3631', '', NULL, '2021-12-02 04:00:57', '2021-12-02 04:00:57'),
(62, '038830', '日配企画㈱', '', '', '', '', '', '334-0076', '埼玉県川口市本蓮３－１２－１３', '048-288-5591', '', NULL, '2021-12-02 04:00:57', '2021-12-02 04:00:57'),
(63, '040290', 'サイキ食品㈱', '', '', '', '', '', '359-0005', '埼玉県所沢市神米金１３２－５', '0429-42-0726', '', NULL, '2021-12-02 04:00:58', '2021-12-02 04:00:58'),
(64, '041150', '㈱山城物産', '', '', '', '', '', '577-0013', '大阪府東大阪市長田中５－３－１１', '06-6746-8701', '', NULL, '2021-12-02 04:00:58', '2021-12-02 04:00:58'),
(65, '093060', '㈱越後屋商店', '', '', '', '', '', '114-0003', '東京都北区豊島4-15-28　プレール玉石1204号', '03-3911-2451', '', NULL, '2021-12-02 04:00:58', '2021-12-02 04:00:58'),
(66, '043740', '和以美㈱　鶴ヶ島ＤＩＹ営業所', '', '', '', '', '', '350-2218', '埼玉県鶴ヶ島市柳戸町８－５', '049-272-5760', '', NULL, '2021-12-02 04:00:58', '2021-12-02 04:00:58'),
(67, '044670', 'サンキョーフーズ㈱', '', '', '', '', '', '190-0022', '東京都立川市錦町１-４-１０　大栄ビル　２Ｆ', '042-540-1791', '', NULL, '2021-12-02 04:00:58', '2021-12-02 04:00:58'),
(68, '046030', '㈱ふじや', '', '', '', '', '', '550-0014', '大阪府大阪市西区北堀江１－４－１２', '06-6532-2481', '', NULL, '2021-12-02 04:00:58', '2021-12-02 04:00:58'),
(69, '046620', '伊藤ハム販売㈱　関東営業部　', '', '', '', '', '', '183-0055', '東京都府中市府中町１－１４－１　朝日生命ビル９Ｆ', '042-358-2061', '', NULL, '2021-12-02 04:00:58', '2021-12-02 04:00:58'),
(70, '047750', '㈲タマ食品', '', '', '', '', '', '198-0033', '東京都青梅市今井２－７３７', '0428-31-3769', '', NULL, '2021-12-02 04:00:58', '2021-12-02 04:00:58'),
(71, '048840', '加根久㈱　鳥栖支店', '', '', '', '', '', '841-0027', '佐賀県鳥栖市松原町１７５５－１', '0942-82-5105', '', NULL, '2021-12-02 04:00:59', '2021-12-02 04:00:59'),
(72, '050380', '㈱オーシマ小野商事', '', '', '', '', '', '329-4402', '栃木県栃木市大平町土与２１５', '0282-22-4188', '', NULL, '2021-12-02 04:00:59', '2021-12-02 04:00:59'),
(73, '050610', '日本ハムマーケティング㈱', '', '', '', '', '', '010-0951', '秋田県秋田市山王六丁目1-24　山王セントラルビル5F', '018-824-6460', '', NULL, '2021-12-02 04:00:59', '2021-12-02 04:00:59'),
(74, '050980', '丸大食品㈱　秋田営業所', '', '', '', '', '', '011-0917', '秋田県秋田市飯島道東３－１－１２', '018-845-1322', '', NULL, '2021-12-02 04:00:59', '2021-12-02 04:00:59'),
(75, '052100', '㈱サゴイ', '', '', '', '', '', '111-0052', '東京都台東区柳橋２-１６-８', '03-3861-6308', '', NULL, '2021-12-02 04:00:59', '2021-12-02 04:00:59'),
(76, '052170', '国分フードクリエイト㈱', '', '', '', '', '', '103-0027', '東京都中央区日本橋1-2-6', '03-3276-6767', '', NULL, '2021-12-02 04:00:59', '2021-12-02 04:00:59'),
(77, '052460', '㈱神戸屋', '', '', '', '', '', '533-0014', '大阪府大阪市東淀川区豊新２-１６-１４', '06-6324-9620', '', NULL, '2021-12-02 04:01:00', '2021-12-02 04:01:00'),
(78, '052680', '朴佐藤㈱　郡山支店', '', '', '', '', '', '963-0541', '福島県郡山市喜久田町堀之内字向原５－４', '024-963-2366', '', NULL, '2021-12-02 04:01:00', '2021-12-02 04:01:00'),
(79, '052940', '国分首都圏㈱　', '', '', '', '', '', '103-8241', '東京都中央区日本橋１－１－１', '03-3276-4107', '', NULL, '2021-12-02 04:01:00', '2021-12-02 04:01:00'),
(80, '053020', '味の浜藤㈱', '', '', '', '', '', '135-0062', '東京都江東区東雲２－１２－４', '03-3527-8927', '', NULL, '2021-12-02 04:01:00', '2021-12-02 04:01:00'),
(81, '053150', 'タカナシ販売㈱　', '', '', '', '', '', '252-0012', '神奈川県座間市広野台2-10-7　プロロジス・パーク座間1内', '046-266-0821', '', NULL, '2021-12-02 04:01:00', '2021-12-02 04:01:00'),
(82, '053750', '㈱ジューテック', '', '', '', '', '', '349-1104', '埼玉県久喜市栗橋１６４３', '03-5408-8201', '', NULL, '2021-12-02 04:01:00', '2021-12-02 04:01:00'),
(83, '053810', '㈱オーシマ小野商事　埼玉営業所', '', '', '', '', '', '329-4402', '栃木県栃木市大平町土与215', '0282-22-4188', '', NULL, '2021-12-02 04:01:00', '2021-12-02 04:01:00'),
(84, '054400', 'ニッペホームプロダクツ㈱', '', '', '', '', '', '140-0004', '東京都品川区南品川４－１－１５　日本ペイント㈱内　第２事務所', '03-3740-1132', '', NULL, '2021-12-02 04:01:01', '2021-12-02 04:01:01'),
(85, '055610', '㈱西川園', '', '', '', '', '', '283-0802', '千葉県東金市東金１２０４', '0475-52-4104', '', NULL, '2021-12-02 04:01:01', '2021-12-02 04:01:01'),
(86, '056880', '高橋食器㈱', '', '', '', '', '', '111-0051', '東京都台東区蔵前４－１３－１　蔵前タカハシビル２Ｆ', '03-3866-0006', '', NULL, '2021-12-02 04:01:01', '2021-12-02 04:01:01'),
(87, '057210', '㈱あらた　神奈川センター', '', '', '', '', '', '250-0117', '神奈川県南足柄市塚原字上河原３７０－４', '0465-71-0123', '', NULL, '2021-12-02 04:01:01', '2021-12-02 04:01:01'),
(88, '058100', '柏木商事㈱', '', '', '', '', '', '174-0043', '東京都板橋区坂下３丁目３７番７号', '03-5970-0008', '', NULL, '2021-12-02 04:01:01', '2021-12-02 04:01:01'),
(89, '058460', '東京砂糖㈱', '', '', '', '', '', '161-0033', '東京都新宿区下落合３－１６－１５', '03-3952-1356', '', NULL, '2021-12-02 04:01:01', '2021-12-02 04:01:01'),
(90, '058880', '㈱ヤマムロ', '', '', '', '', '', '156-0057', '東京都世田谷区上北沢５－７－２', '03-3329-1111', '', NULL, '2021-12-02 04:01:01', '2021-12-02 04:01:01'),
(91, '060090', '滝沢ハム㈱　足立営業所', '', '', '', '', '', '123-0845', '東京都足立区西新井本町２－５－１２', '03-3854-2141', '', NULL, '2021-12-02 04:01:01', '2021-12-02 04:01:01'),
(92, '060320', 'お茶の丸幸㈱', '', '', '', '', '', '154-0023', '東京都世田谷区若林１－１８－１３', '03-3413-3631', '', NULL, '2021-12-02 04:01:01', '2021-12-02 04:01:01'),
(93, '061180', '国分関信越㈱　第一支社　茨城支店', '', '', '', '', '', '315-0002', '茨城県石岡市柏原6-4', '0299-27-5516', '', NULL, '2021-12-02 04:01:02', '2021-12-02 04:01:02'),
(94, '061500', '㈱石野商会', '', '', '', '', '', '187-0011', '東京都小平市鈴木町１－４２７', '042-321-0168', '', NULL, '2021-12-02 04:01:02', '2021-12-02 04:01:02'),
(95, '061840', '中山福㈱', '', '', '', '', '', '242-0001', '神奈川県大和市下鶴間２７５２', '0462-61-9361', '', NULL, '2021-12-02 04:01:02', '2021-12-02 04:01:02'),
(96, '062360', '㈱リョーショクペットケア', '', '', '', '', '', '230-0052', '神奈川県横浜市鶴見区生麦４－５－１１　新興プランテックビル２Ｆ', '045-508-3388', '', NULL, '2021-12-02 04:01:02', '2021-12-02 04:01:02'),
(97, '062470', '㈱トップマン', '', '', '', '', '', '673-0404', '兵庫県三木市大村５８－１０', '0794-82-8846', '', NULL, '2021-12-02 04:01:02', '2021-12-02 04:01:02'),
(98, '062550', '㈱川路商店', '', '', '', '', '', '229-0024', '神奈川県相模原市青葉１－１４－２０', '0427-52-9123', '', NULL, '2021-12-02 04:01:02', '2021-12-02 04:01:02'),
(99, '062790', '㈱小山園', '', '', '', '', '', '158-0093', '東京都世田谷区上野毛２－２３－２２', '03-3709-5521', '', NULL, '2021-12-02 04:01:02', '2021-12-02 04:01:02'),
(100, '062990', '㈱コマリヨー', '', '', '', '', '', '453-0012', '愛知県名古屋市中村区井深町１５－１５', '052-451-8118', '', NULL, '2021-12-02 04:01:03', '2021-12-02 04:01:03'),
(101, '063060', '㈲岡田雄三郎商店', '', '', '', '', '', '955-0055', '新潟県三条市塚野目５－１－５７', '0256-32-3639', '', NULL, '2021-12-02 04:01:03', '2021-12-02 04:01:03'),
(102, '066180', '戎フード㈱　', '', '', '', '', '', '530-0043', '大阪府大阪市北区天満４－４－１６', '06-6356-1009', '', NULL, '2021-12-02 04:01:03', '2021-12-02 04:01:03'),
(103, '067210', '㈱船橋魚類', '', '', '', '', '', '273-0001', '千葉県船橋市市場１－８－１　船橋市中央卸売市場内', '047-460-6660', '', NULL, '2021-12-02 04:01:03', '2021-12-02 04:01:03'),
(104, '067640', '㈱オーシマ小野商事', '', '', '', '', '', '311-3501', '茨城県行方市芹沢９２１－６８', '0299-55-4111', '', NULL, '2021-12-02 04:01:03', '2021-12-02 04:01:03'),
(105, '068420', 'アイリスオーヤマ㈱', '', '', '', '', '', '981-1532', '宮城県角田市小坂上小坂１番地', '0224-68-3421', '', NULL, '2021-12-02 04:01:03', '2021-12-02 04:01:03'),
(106, '068430', '金子金物株式会社', '', '', '', '', '', '310-0852', '茨城県水戸市笠原町644-1', '029-243-4131', '', NULL, '2021-12-02 04:01:03', '2021-12-02 04:01:03'),
(107, '074140', '廣瀬無線電機㈱', '', '', '', '', '', '101-0021', '東京都千代田区外神田１－１０－５', '03-3251-2884', '', NULL, '2021-12-02 04:01:03', '2021-12-02 04:01:03'),
(108, '075250', '㈱ココロ', '', '', '', '', '', '205-8556', '東京都羽村市神明台　４－９－１', '042-530-3911', '', NULL, '2021-12-02 04:01:04', '2021-12-02 04:01:04'),
(109, '075330', '国分首都圏㈱　', '', '', '', '', '', '103-8241', '東京都中央区日本橋１－１－１', '03-3276-4107', '', NULL, '2021-12-02 04:01:04', '2021-12-02 04:01:04'),
(110, '078630', '㈱エフ・アール・シー', '', '', '', '', '', '194-0035', '東京都町田市忠生４－１１－８', '042-793-7740', '', NULL, '2021-12-02 04:01:04', '2021-12-02 04:01:04'),
(111, '086280', '㈱カネタ・ツーワン　郡山支店', '', '', '', '', '', '963-8681', '福島県郡山市喜久田町卸１－９７－１', '023-631-2621', '', NULL, '2021-12-02 04:01:04', '2021-12-02 04:01:04'),
(112, '088980', 'ナショナル物産㈱', '', '', '', '', '', '106-0047', '東京都港区南麻布４－５－２', '03-3442-3181', '', NULL, '2021-12-02 04:01:04', '2021-12-02 04:01:04'),
(113, '089680', '㈲かわいち', '', '', '', '', '', '362-0022', '埼玉県上尾市瓦葺２７１６－４－１０１', '048-720-5600', '', NULL, '2021-12-02 04:01:04', '2021-12-02 04:01:04'),
(114, '090620', '日本リカー㈱', '', '', '', '', '', '103-0016', '東京都中央区日本橋小網町２－５　キリン日本橋ビル3Ｆ', '03-5643-9773', '', NULL, '2021-12-02 04:01:04', '2021-12-02 04:01:04'),
(115, '092660', 'OKAINTER㈱', '', '', '', '', '', '102-0093', '東京都千代田区平河町1-8-8-101', '03-6256-8280', '', NULL, '2021-12-02 04:01:04', '2021-12-02 04:01:04'),
(116, '093040', '㈱市場ネットワーク', '', '', '', '', '', '135-0061', '東京都江東区豊洲６-５-１　㈲オオハシ商店　気付', '03-6633-4087', '', NULL, '2021-12-02 04:01:05', '2021-12-02 04:01:05'),
(117, '093160', '㈱丸井スズキ', '', '', '', '', '', '121-8611', '東京都足立区南花畑４－１７－１５', '03-3850-2201', '', NULL, '2021-12-02 04:01:05', '2021-12-02 04:01:05'),
(118, '094280', '㈱サツキエンフーズ', '', '', '', '', '', '333-0823', '埼玉県川口市石神８２９', '048-298-2211', '', NULL, '2021-12-02 04:01:05', '2021-12-02 04:01:05'),
(119, '098250', '㈱西川', '', '', '', '', '', '299-5234', '千葉県勝浦市勝浦391', '0470-70-1511', '', NULL, '2021-12-02 04:01:05', '2021-12-02 04:01:05'),
(120, '100660', '両毛ヤクルト販売㈱', '', '', '', '', '', '326-0033', '栃木県足利市花園町２５', '0284-42-8960', '', NULL, '2021-12-02 04:01:05', '2021-12-02 04:01:05'),
(121, '105700', '㈱若草食品', '', '', '', '', '', '635-0818', '奈良県北葛城郡広陵町南１７８', '07455-7-1110', '', NULL, '2021-12-02 04:01:05', '2021-12-02 04:01:05'),
(122, '105850', '㈱キット', '', '', '', '', '', '124-0023', '東京都葛飾区東新小岩２－１９－３', '03-5698-6011', '', NULL, '2021-12-02 04:01:05', '2021-12-02 04:01:05'),
(123, '107070', '鈴木青果㈲', '', '', '', '', '', '120-0042', '東京都足立区千住龍田町２８－２０', '03-3882-5736', '', NULL, '2021-12-02 04:01:05', '2021-12-02 04:01:05'),
(124, '107560', '㈱アドパックセンター', '', '', '', '', '', '162-0801', '東京都新宿区山吹町１３１', '03-3260-8301', '', NULL, '2021-12-02 04:01:06', '2021-12-02 04:01:06'),
(125, '111470', '㈱神酒連', '', '', '', '', '', '241-0002', '横浜市旭区上白根２－６４－６', '045-955-5951', '', NULL, '2021-12-02 04:01:06', '2021-12-02 04:01:06'),
(126, '111700', 'パーク商事㈱', '', '', '', '', '', '197-0832', '東京都あきる野市上代継６８－１番地', '0425-58-0151', '', NULL, '2021-12-02 04:01:06', '2021-12-02 04:01:06'),
(127, '111800', '坂本商事㈱', '', '', '', '', '', '402-0001', '山梨県都留市田野倉４４８', '0554-46-1717', '', NULL, '2021-12-02 04:01:06', '2021-12-02 04:01:06'),
(128, '112260', 'ライスフレンド㈱', '', '', '', '', '', '538-0044', '大阪府大阪市鶴見区放出東3-7-3', '06-6961-5751', '', NULL, '2021-12-02 04:01:06', '2021-12-02 04:01:06'),
(129, '112650', '㈱濱富海苔', '', '', '', '', '', '143-0016', '東京都大田区大森北２－５－９', '03-3761-5123', '', NULL, '2021-12-02 04:01:06', '2021-12-02 04:01:06'),
(130, '114940', '㈱モトックス', '', '', '', '', '', '577-0802', '大阪府東大阪市小阪本町１丁目６－２０', '06-6725-8730', '', NULL, '2021-12-02 04:01:06', '2021-12-02 04:01:06'),
(131, '116020', '㈱東京ドーナツ', '', '', '', '', '', '356-0014', '埼玉県上福岡市福岡新田６５－５', '0492-62-2003', '', NULL, '2021-12-02 04:01:06', '2021-12-02 04:01:06'),
(132, '116470', '㈱ホームセンターセブン', '', '', '', '', '', '879-0471', '大分県宇佐市大字四日市字松山１１２７－１', '0978-33-1180', '', NULL, '2021-12-02 04:01:07', '2021-12-02 04:01:07'),
(133, '119190', '千田みずほ㈱', '', '', '', '', '', '240-0064', '神奈川県横浜市保土ヶ谷区峰岡町１－２１', '045-335-2613', '', NULL, '2021-12-02 04:01:07', '2021-12-02 04:01:07'),
(134, '119510', '資生堂販売㈱', '', '', '', '', '', '105-8310', '東京都港区東新橋１－６－２', '03-6218-5806', '', NULL, '2021-12-02 04:01:07', '2021-12-02 04:01:07'),
(135, '125050', '㈱ＧＳユアサ', '', '', '', '', '', '601-8520', '京都府京都市南区吉祥院西ノ庄猪之馬場町１', '075-312-0079', '', NULL, '2021-12-02 04:01:07', '2021-12-02 04:01:07'),
(136, '127490', '㈱煙草屋安兵衛', '', '', '', '', '', '243-0018', '神奈川県厚木市中町３丁目３－３', '046-294-1122', '', NULL, '2021-12-02 04:01:07', '2021-12-02 04:01:07'),
(137, '127730', '㈱Ｍ＆Ｃ', '', '', '', '', '', '733-0833', '広島県広島市西区商工センター1丁目3番4号　広島共和物産㈱内　2階', '082-270-5693', '', NULL, '2021-12-02 04:01:07', '2021-12-02 04:01:07'),
(138, '130000', '㈱アクロス', '', '', '', '', '', '545-0023', '大阪府大阪市阿倍野区王子町１－５－１８　スミヤビル２　１Ｆ', '06-6627-3123', '', NULL, '2021-12-02 04:01:07', '2021-12-02 04:01:07'),
(139, '132830', '㈱東邦システムサービス', '', '', '', '', '', '155-0033', '東京都世田谷区代田１－３０－１７', '03-3919-7814', '', NULL, '2021-12-02 04:01:07', '2021-12-02 04:01:07'),
(140, '133240', '㈲広田屋商店', '', '', '', '', '', '143-0025', '東京都大田区南馬込１丁目５６番３号', '03-3775-1682', '', NULL, '2021-12-02 04:01:07', '2021-12-02 04:01:07'),
(141, '133320', '国分西日本㈱　松山支店', '', '', '', '', '', '791-0214', '愛媛県東温市南野田字若宮　７４－９', '089-955-0980', '', NULL, '2021-12-02 04:01:08', '2021-12-02 04:01:08'),
(142, '133820', '富士甚醤油㈱　松山支店', '', '', '', '', '', '791-1102', '愛媛県松山市来住町１１９３－１', '089-976-7707', '', NULL, '2021-12-02 04:01:08', '2021-12-02 04:01:08'),
(143, '135620', '㈲仲村商店', '', '', '', '', '', '338-0833', '埼玉県さいたま市桜区桜田3-3-1　埼玉中央市場　内', '048-749-1356', '', NULL, '2021-12-02 04:01:08', '2021-12-02 04:01:08'),
(144, '137260', '太海㈱', '', '', '', '', '', '135-0061', '東京都江東区豊洲６-６-３　ホウスイ豊洲ビル７Ｆ', '03-6633-5461', '', NULL, '2021-12-02 04:01:08', '2021-12-02 04:01:08'),
(145, '151370', '国分首都圏㈱　', '', '', '', '', '', '103-8241', '東京都中央区日本橋１－１－１', '03-3276-4107', '', NULL, '2021-12-02 04:01:08', '2021-12-02 04:01:08'),
(146, '281220', '株式会社ニーズ', '', '', '', '', '', '359-0001', '埼玉県所沢市下富774-1', '0429-35-3585', '', NULL, '2021-12-02 04:01:09', '2021-12-02 04:01:09'),
(147, '155060', '㈲はら屋', '', '', '', '', '', '693-0044', '島根県出雲市荒茅町２８０８－１番地', '0853-28-3000', '', NULL, '2021-12-02 04:01:09', '2021-12-02 04:01:09'),
(148, '155800', '三陽物産㈱　東京支店', '', '', '', '', '', '101-0024', '東京都千代田区神田和泉町１－８－１１', '03-5821-1348', '', NULL, '2021-12-02 04:01:09', '2021-12-02 04:01:09'),
(149, '156440', 'イセ食品㈱', '', '', '', '', '', '365-0054', '埼玉県鴻巣市大間4-1-47', '048-540-7662', '', NULL, '2021-12-02 04:01:09', '2021-12-02 04:01:09'),
(150, '157130', '㈱ツジヤ', '', '', '', '', '', '520-3433', '滋賀県甲賀郡甲賀町大原市場９－１', '0748-88-2234', '', NULL, '2021-12-02 04:01:09', '2021-12-02 04:01:09'),
(151, '158370', '㈱明祥', '', '', '', '', '', '135-0007', '東京都江東区新大橋１丁目８－７', '03-3632-0171', '', NULL, '2021-12-02 04:01:09', '2021-12-02 04:01:09'),
(152, '158540', '中部飼料㈱', '', '', '', '', '', '222-0033', '神奈川県横浜市港北区新横浜３-２０-８　ベネックスＳ-３　８階', '045-577-0064', '', NULL, '2021-12-02 04:01:09', '2021-12-02 04:01:09'),
(153, '158610', '三星商事㈱', '', '', '', '', '', '550-0015', '大阪市西区南堀江1丁目12番19号　（四ツ橋スタービル4階）', '06-6543-3903', '', NULL, '2021-12-02 04:01:10', '2021-12-02 04:01:10'),
(154, '160430', '㈱ミレジム', '', '', '', '', '', '101-0048', '東京都千代田区神田司町２－１３　神田第４アメレックスビル', '03-3233-3801', '', NULL, '2021-12-02 04:01:10', '2021-12-02 04:01:10'),
(155, '160560', '日進ワールドデリカテッセン', '', '', '', '', '', '106-0044', '東京都港区東麻布３－６－１１', '03-3583-4586', '', NULL, '2021-12-02 04:01:10', '2021-12-02 04:01:10'),
(156, '161440', '㈱アリスタ木曽', '', '', '', '', '', '799-1505', '愛媛県今治市東村５－２１６', '0898-48-6578', '', NULL, '2021-12-02 04:01:10', '2021-12-02 04:01:10'),
(157, '161760', '三菱食品㈱　第一営業本部', '', '', '', '', '', '112-8778', '東京都文京区小石川１-1-1　文京ガーデンゲートタワー16階', '03-5801-0524', '', NULL, '2021-12-02 04:01:10', '2021-12-02 04:01:10'),
(158, '162400', 'ミタニコーポレーション㈱', '', '', '', '', '', '598-0047', '大阪府泉佐野市りんくう往来南２－２　りんくうエルガビル８Ｆ', '0724-69-1660', '', NULL, '2021-12-02 04:01:10', '2021-12-02 04:01:10'),
(159, '163230', '㈱関口　松本支店', '', '', '', '', '', '399-0702', '長野県塩尻市大字広丘野村字角前１９１１', '0263-87-4522', '', NULL, '2021-12-02 04:01:10', '2021-12-02 04:01:10'),
(160, '163300', '㈲篠塚商店', '', '', '', '', '', '287-0002', '千葉県香取市北１－２－１', '0478-54-6113', '', NULL, '2021-12-02 04:01:10', '2021-12-02 04:01:10'),
(161, '163400', '㈱ブルボン', '', '', '', '', '', '945-8611', '新潟県柏崎市駅前1-3-1', '0257-23-5075', '', NULL, '2021-12-02 04:01:11', '2021-12-02 04:01:11'),
(162, '163410', '㈲川久保米穀', '', '', '', '', '', '399-0033', '長野県松本市大字笹賀７０７５－１', '0263-57-2627', '', NULL, '2021-12-02 04:01:11', '2021-12-02 04:01:11'),
(163, '163530', '㈱外林', '', '', '', '', '', '721-0954', '広島県福山市卸町２－６', '0849-20-3777', '', NULL, '2021-12-02 04:01:11', '2021-12-02 04:01:11'),
(164, '163590', '㈱京都タンパク', '', '', '', '', '', '612-8244', '京都府京都市伏見区横大路千両松町２００', '075-622-3161', '', NULL, '2021-12-02 04:01:11', '2021-12-02 04:01:11'),
(165, '163650', '守谷織物㈱', '', '', '', '', '', '198-0043', '東京都青梅市千ヶ瀬町４－３２８－２', '0428-24-5050', '', NULL, '2021-12-02 04:01:11', '2021-12-02 04:01:11'),
(166, '163730', '㈱サノテック', '', '', '', '', '', '416-0909', '静岡県富士市松岡３１５－１', '0545-65-1122', '', NULL, '2021-12-02 04:01:11', '2021-12-02 04:01:11'),
(167, '163850', '㈱マルイチ産商　長野支店', '', '', '', '', '', '381-0192', '長野県長野市若穂川田字外新田3800番地12-1', '026-085-4458', '', NULL, '2021-12-02 04:01:11', '2021-12-02 04:01:11'),
(168, '163900', '㈱椿屋', '', '', '', '', '', '329-0604', '栃木県河内郡上三川町大字上郷　２２１０－１０', '0285-56-0141', '', NULL, '2021-12-02 04:01:12', '2021-12-02 04:01:12'),
(169, '164250', '㈱関口　松本支店', '', '', '', '', '', '399-0702', '長野県塩尻市大字広丘野村字角前１９１１', '0263-87-4522', '', NULL, '2021-12-02 04:01:12', '2021-12-02 04:01:12'),
(170, '164310', '川橋園製茶場', '', '', '', '', '', '610-0311', '京都府京田辺市草内犬伏１６', '0774-62-1464', '', NULL, '2021-12-02 04:01:12', '2021-12-02 04:01:12'),
(171, '164550', '㈱三王商会', '', '', '', '', '', '125-8526', '東京都葛飾区東金町1-13-6', '03-3607-7078', '', NULL, '2021-12-02 04:01:12', '2021-12-02 04:01:12'),
(172, '164590', 'カモ井食品工業㈱', '', '', '', '', '', '710-8678', '岡山県倉敷市中島１１３８', '086-465-3040', '', NULL, '2021-12-02 04:01:12', '2021-12-02 04:01:12'),
(173, '164940', '㈱リーブコーポレーション', '', '', '', '', '', '302-0034', '茨城県取手市戸頭２－６－３', '0297-70-2977', '', NULL, '2021-12-02 04:01:12', '2021-12-02 04:01:12'),
(174, '166210', '㈱イトウアンドカンパニーリミテッド', '', '', '', '', '', '491-0831', '愛知県一宮市森本５－１７－２７', '0586-71-1925', '', NULL, '2021-12-02 04:01:12', '2021-12-02 04:01:12'),
(175, '166240', '吉田商事', '', '', '', '', '', '252-0801', '神奈川県藤沢市長後７０７', '0466-44-6101', '', NULL, '2021-12-02 04:01:12', '2021-12-02 04:01:12'),
(176, '166670', '㈱ミツワ', '', '', '', '', '', '263-0002', '千葉県千葉市稲毛区山王町３３０－２３', '043-423-4456', '', NULL, '2021-12-02 04:01:13', '2021-12-02 04:01:13'),
(177, '168850', '伊藤ハムデイリー㈱', '', '', '', '', '', '010-1415', '秋田県秋田市御所野湯本２-１-２　㈱秋田物流センター御所野湯本内', '018-853-0462', '', NULL, '2021-12-02 04:01:13', '2021-12-02 04:01:13'),
(178, '169490', '㈱シー・アール・エフ', '', '', '', '', '', '150-0013', '東京都渋谷区恵比寿４-１０-１３　明和ニューマンション308', '03-6450-4431', '', NULL, '2021-12-02 04:01:13', '2021-12-02 04:01:13'),
(179, '169680', '㈲井形商事', '', '', '', '', '', '300-3265', '茨城県つくば市長高野１９７９', '0298-64-0757', '', NULL, '2021-12-02 04:01:13', '2021-12-02 04:01:13'),
(180, '169690', '㈱スミノエ', '', '', '', '', '', '141-0031', '東京都品川区西五反田２－３０－４　ＢＲ五反田ビル４Ｆ', '03-5434-6725', '', NULL, '2021-12-02 04:01:14', '2021-12-02 04:01:14'),
(181, '169720', '佐藤製薬㈱', '', '', '', '', '', '107-0051', '東京都港区赤坂１－５－１０　ＡＨＣ２ビル', '03-5412-7362', '', NULL, '2021-12-02 04:01:14', '2021-12-02 04:01:14'),
(182, '169730', '㈱伊藤園　千葉支店', '', '', '', '', '', '263-0015', '千葉県千葉市稲毛区作草部町５５５－１', '043-285-1191', '', NULL, '2021-12-02 04:01:15', '2021-12-02 04:01:15'),
(183, '169740', 'クラシエ薬品㈱　東京ヘルスケア支店', '', '', '', '', '', '103-0027', '東京都中央区日本橋堀留町１－１１－１２　ＴＫ堀留ビル２Ｆ', '03-5847-0820', '', NULL, '2021-12-02 04:01:15', '2021-12-02 04:01:15'),
(184, '169840', '白木屋輪業㈱', '', '', '', '', '', '260-0025', '千葉県千葉市中央区問屋町１３－４', '043-241-8081', '', NULL, '2021-12-02 04:01:15', '2021-12-02 04:01:15'),
(185, '169990', '㈱ダックビル', '', '', '', '', '', '133-0051', '東京都江戸川区北小岩４－２０－１５', '03-3671-2154', '', NULL, '2021-12-02 04:01:15', '2021-12-02 04:01:15'),
(186, '170480', '京セラインダストリアルツールズ販売㈱', '', '', '', '', '', '468-8512', '愛知県名古屋市天白区久方１－１４５－１', '052-807-1613', '', NULL, '2021-12-02 04:01:15', '2021-12-02 04:01:15'),
(187, '174320', 'アメリカンデイールスコーポレーション㈱', '', '', '', '', '', '143-0006', '東京都大田区平和島３－４－１　東京団地倉庫㈱　管理棟内６Ｆ', '03-5763-5917', '', NULL, '2021-12-02 04:01:15', '2021-12-02 04:01:15'),
(188, '174520', '㈱ヤグチ', '', '', '', '', '', '105-0022', '東京都港区海岸２－１－２１', '03-3798-0811', '', NULL, '2021-12-02 04:01:16', '2021-12-02 04:01:16'),
(189, '175020', '国分東北㈱　秋田支店', '', '', '', '', '', '010-1415', '秋田県秋田市御所野湯本6-1-1　北東北福山通運㈱秋田支店内', '018-827-3081', '', NULL, '2021-12-02 04:01:16', '2021-12-02 04:01:16'),
(190, '177080', '㈱せきや', '', '', '', '', '', '010-0921', '秋田県秋田市大町１－４－２２', '018-862-5477', '', NULL, '2021-12-02 04:01:16', '2021-12-02 04:01:16'),
(191, '190660', '㈱プラスワンショップ', '', '', '', '', '', '116-0001', '東京都荒川区町屋１－４－４', '03-3893-0002', '', NULL, '2021-12-02 04:01:16', '2021-12-02 04:01:16'),
(192, '191620', '三菱食品㈱', '', '', '', '', '', '379-2104', '群馬県前橋市上西大室町1257-2', '027-268-5800', '', NULL, '2021-12-02 04:01:16', '2021-12-02 04:01:16'),
(193, '192550', '㈱富井', '', '', '', '', '', '270-2251', '千葉県松戸市金ヶ作４０８－３２８　ちば物産五香店２Ｆ', '047-385-1031', '', NULL, '2021-12-02 04:01:16', '2021-12-02 04:01:16'),
(194, '196250', '㈱金繁嶋村', '', '', '', '', '', '125-0035', '東京都葛飾区南水元１－１８－１０', '03-3609-2727', '', NULL, '2021-12-02 04:01:16', '2021-12-02 04:01:16'),
(195, '196620', '㈱ボン・サンテ', '', '', '', '', '', '136-0076', '東京都江東区南砂2-36-11　プライムタワー東陽町4F', '03-6458-7433', '', NULL, '2021-12-02 04:01:16', '2021-12-02 04:01:16'),
(196, '197710', '石神井丸正食品㈱', '', '', '', '', '', '177-0041', '東京都練馬区石神井町３－２５－１', '03-5372-3811', '', NULL, '2021-12-02 04:01:17', '2021-12-02 04:01:17'),
(197, '197790', 'ミレー・マウンテン・グループ・ジャパン㈱', '', '', '', '', '', '153-0063', '東京都目黒区目黒２－１０－１１　目黒山手プレイス４階', '03-6682-5005', '', NULL, '2021-12-02 04:01:17', '2021-12-02 04:01:17'),
(198, '198080', '㈲仲村商店', '', '', '', '', '', '174-0062', '東京都板橋区富士見町２７－１７', '03-3963-0533', '', NULL, '2021-12-02 04:01:17', '2021-12-02 04:01:17'),
(199, '198670', '銀河フーズ㈱', '', '', '', '', '', '025-0093', '岩手県花巻市南川原町１９１', '0198-24-4341', '', NULL, '2021-12-02 04:01:17', '2021-12-02 04:01:17'),
(200, '199100', '㈱マリモ', '', '', '', '', '', '497-0013', '愛知県あま市七宝町川部出屋敷６０番', '052-445-1260', '', NULL, '2021-12-02 04:01:17', '2021-12-02 04:01:17'),
(201, '199200', 'イセフアーム㈱', '', '', '', '', '', '311-3153', '茨城県東茨城郡茨城町上飯沼２－２６４', '029-219-0051', '', NULL, '2021-12-02 04:01:17', '2021-12-02 04:01:17'),
(202, '199720', '㈱ＳＴＲＥＡＭ', '', '', '', '', '', '110-0015', '東京都台東区東上野１－６－１０　ＡＲＴビル３Ｆ', '03-3833-7277', '', NULL, '2021-12-02 04:01:18', '2021-12-02 04:01:18'),
(203, '203010', '福島県南酒販㈱', '', '', '', '', '', '963-8863', '福島県郡山市字菜根屋敷２０－１', '024-932-3250', '', NULL, '2021-12-02 04:01:18', '2021-12-02 04:01:18'),
(204, '204140', '㈱ホンマ製作所', '', '', '', '', '', '950-1237', '新潟県新潟市南区北田中８０１－８', '025-362-1235', '', NULL, '2021-12-02 04:01:18', '2021-12-02 04:01:18'),
(205, '207200', '全農チキンフーズ㈱　戸田営業所', '', '', '', '', '', '335-0036', '埼玉県戸田市早瀬1丁目12番7号', '048-421-8804', '', NULL, '2021-12-02 04:01:18', '2021-12-02 04:01:18'),
(206, '207400', '米久㈱', '', '', '', '', '', '410-0011', '静岡県沼津市岡の宮寺林１２５９', '055-929-2994', '', NULL, '2021-12-02 04:01:18', '2021-12-02 04:01:18'),
(207, '207710', 'アイリスオーヤマ㈱', '', '', '', '', '', '981-1532', '宮城県角田市小坂上小坂１番地', '0224-68-3421', '', NULL, '2021-12-02 04:01:18', '2021-12-02 04:01:18'),
(208, '214200', '萩原㈱', '', '', '', '', '', '710-8501', '岡山県倉敷市西阿知町西原８８４', '086-465-6017', '', NULL, '2021-12-02 04:01:19', '2021-12-02 04:01:19'),
(209, '218640', '㈱塙屋', '', '', '', '', '', '309-1615', '茨城県笠間市金井１１８', '0296-72-6041', '', NULL, '2021-12-02 04:01:19', '2021-12-02 04:01:19'),
(210, '219500', 'ナガイ㈱', '', '', '', '', '', '462-0016', '愛知県名古屋市北区西味鋺１－８０２', '052-901-8101', '', NULL, '2021-12-02 04:01:19', '2021-12-02 04:01:19'),
(211, '219800', '伊藤正㈱', '', '', '', '', '', '430-0919', '静岡県浜松市中区野口町４８６', '053-461-4819', '', NULL, '2021-12-02 04:01:19', '2021-12-02 04:01:19'),
(212, '221770', '㈱魚次', '', '', '', '', '', '274-0063', '千葉県船橋市習志野台３－１７－７', '047-464-5061', '', NULL, '2021-12-02 04:01:19', '2021-12-02 04:01:19'),
(213, '221800', '㈱根岸商店', '', '', '', '', '', '270-1432', '千葉県白井市冨士４９－２', '047-443-1760', '', NULL, '2021-12-02 04:01:19', '2021-12-02 04:01:19'),
(214, '222770', '国分首都圏㈱　', '', '', '', '', '', '103-8241', '東京都中央区日本橋１－１－１', '03-3276-4107', '', NULL, '2021-12-02 04:01:19', '2021-12-02 04:01:19'),
(215, '222810', '㈱伊藤園　小諸支店', '', '', '', '', '', '384-0093', '長野県小諸市和田５９２－１', '0267-24-2011', '', NULL, '2021-12-02 04:01:19', '2021-12-02 04:01:19'),
(216, '224100', '国分首都圏㈱　', '', '', '', '', '', '103-8241', '東京都中央区日本橋１－１－１', '03-3276-4107', '', NULL, '2021-12-02 04:01:20', '2021-12-02 04:01:20'),
(217, '224230', '㈱ダイショー　東京営業所', '', '', '', '', '', '130-0014', '東京都墨田区亀沢１－１７－３', '043-209-3650', '', NULL, '2021-12-02 04:01:20', '2021-12-02 04:01:20'),
(218, '225700', '㈲エーワン', '', '', '', '', '', '110-0005', '東京都台東区上野５－６－１１　サンキビル５Ｆ', '03-3833-8990', '', NULL, '2021-12-02 04:01:20', '2021-12-02 04:01:20'),
(219, '228260', '㈱十字屋商店', '', '', '', '', '', '213-0001', '神奈川県川崎市高津区溝口２丁目１２－１２', '044-811-1917', '', NULL, '2021-12-02 04:01:20', '2021-12-02 04:01:20'),
(220, '228950', '㈱シンセーインターナショナル', '', '', '', '', '', '564-0043', '大阪府吹田市江坂町２－３－１　江坂グランドビル４階', '06-6385-1800', '', NULL, '2021-12-02 04:01:20', '2021-12-02 04:01:20'),
(221, '244410', '㈱イマイ', '', '', '', '', '', '331-0802', '埼玉県さいたま市北区本郷町１０８８', '048-664-6873', '', NULL, '2021-12-02 04:01:20', '2021-12-02 04:01:20'),
(222, '244730', '西沢商会', '', '', '', '', '', '388-8006', '長野県長野市篠ノ井御幣川３９２', '026-293-0172', '', NULL, '2021-12-02 04:01:20', '2021-12-02 04:01:20'),
(223, '245290', '国分九州株式会社', '', '', '', '', '', '891-1305', '鹿児島県鹿児島市宮之浦町３９２６－２', '099-294-4386', '', NULL, '2021-12-02 04:01:21', '2021-12-02 04:01:21'),
(224, '245890', '東京食品㈱', '', '', '', '', '', '381-2242', '長野県長野市青木島町青木島乙６２０－５', '026-284-8141', '', NULL, '2021-12-02 04:01:21', '2021-12-02 04:01:21'),
(225, '245930', '丸富衛材株式会社', '', '', '', '', '', '417-0847', '静岡県富士市比奈６５０－１', '0545-34-0840', '', NULL, '2021-12-02 04:01:21', '2021-12-02 04:01:21'),
(226, '270500', '国分東北㈱', '', '', '', '', '', '983-0852', '宮城県仙台市宮城野区榴岡5-1-35　三共仙台東ビル5階', '022-742-2436', '', NULL, '2021-12-02 04:01:21', '2021-12-02 04:01:21'),
(227, '247140', '㈱ドウシシャ', '', '', '', '', '', '542-8525', '大阪府大阪市中央区東心斎橋１－５－５', '06-6121-5679', '', NULL, '2021-12-02 04:01:21', '2021-12-02 04:01:21'),
(228, '247440', '三井食品㈱　', '', '', '', '', '', '104-8277', '東京都中央区八重洲２－７－２　八重洲三井ビルディング', '03-3551-6099', '', NULL, '2021-12-02 04:01:21', '2021-12-02 04:01:21'),
(229, '248020', '㈱カンパーニュ', '', '', '', '', '', '254-0052', '神奈川県平塚市平塚３－１２－１８', '0463-37-3720', '', NULL, '2021-12-02 04:01:21', '2021-12-02 04:01:21'),
(230, '248710', '㈱浅麓', '', '', '', '', '', '370-0852', '群馬県高崎市中居町３－３０', '027-352-4122', '', NULL, '2021-12-02 04:01:21', '2021-12-02 04:01:21'),
(231, '250040', '日本ﾊﾟｰｿﾈﾙｾﾝﾀｰ㈱　', '', '', '', '', '', '650-0015', '兵庫県神戸市多聞通5-3-8 UCC第二ビル1F', '078-304-8960', '', NULL, '2021-12-02 04:01:22', '2021-12-02 04:01:22'),
(232, '250200', '東亜商事㈱', '', '', '', '', '', '101-8530', '東京都千代田区神田司町２－１９', '03-3292-8471', '', NULL, '2021-12-02 04:01:22', '2021-12-02 04:01:22'),
(233, '251630', '㈱ジャパンネットラン', '', '', '', '', '', '110-0014', '東京都台東区北上野２-３１-８　ツバタビル３Ｆ', '03-5830-6373', '', NULL, '2021-12-02 04:01:22', '2021-12-02 04:01:22'),
(234, '252830', '㈱ｍ－Ｇｒａｃｅ', '', '', '', '', '', '171-0014', '東京都豊島区池袋3-70-19　ウィング・ビートビル3F', '03-6907-0951', '', NULL, '2021-12-02 04:01:22', '2021-12-02 04:01:22'),
(235, '260700', '㈱伊藤園　浅草支店', '', '', '', '', '', '111-0032', '東京都台東区浅草５－１－１３', '03-5808-6511', '', NULL, '2021-12-02 04:01:22', '2021-12-02 04:01:22'),
(236, '263340', '㈲やおかつ', '', '', '', '', '', '331-0074', '埼玉県さいたま市西区宝来１３７８－４０', '048-623-5488', '', NULL, '2021-12-02 04:01:22', '2021-12-02 04:01:22'),
(237, '272270', '㈱ウェルファムフーズ', '', '', '', '', '', '102-0074', '東京都千代田区九段南２－１－３０', '03-3515-9000', '', NULL, '2021-12-02 04:01:22', '2021-12-02 04:01:22'),
(238, '272890', 'アツギ㈱　東日本支店', '', '', '', '', '', '243-0419', '神奈川県海老名市大谷北１-３-２', '046-235-8109', '', NULL, '2021-12-02 04:01:22', '2021-12-02 04:01:22'),
(239, '273140', 'フジパン㈱　東北販売部', '', '', '', '', '', '989-2422', '宮城県岩沼市空港南３－２－３４', '0223-24-1241', '', NULL, '2021-12-02 04:01:22', '2021-12-02 04:01:22'),
(240, '273250', '岩手繊維㈱', '', '', '', '', '', '020-8611', '岩手県紫波郡矢巾町　流通センター南１－７－１６', '019-638-2111', '', NULL, '2021-12-02 04:01:23', '2021-12-02 04:01:23'),
(241, '400230', '広島共和物産㈱', '', '', '', '', '', '733-0833', '広島県広島市西区商工センター　１－３－４', '082-277-5340', '', NULL, '2021-12-02 04:01:23', '2021-12-02 04:01:23'),
(242, '400340', '㈱ベッセル', '', '', '', '', '', '537-0001', '大阪府大阪市東成区深江北２－１７－２５', '06-976-5265', '', NULL, '2021-12-02 04:01:23', '2021-12-02 04:01:23'),
(243, '401240', '㈲篠塚商店', '', '', '', '', '', '287-0002', '千葉県香取市北１－２－１', '0478-54-6113', '', NULL, '2021-12-02 04:01:23', '2021-12-02 04:01:23'),
(244, '401310', '稲岡金物㈱', '', '', '', '', '', '673-0400', '兵庫県三木市広末１－９－１９', '07948-2-3200', '', NULL, '2021-12-02 04:01:23', '2021-12-02 04:01:23'),
(245, '404010', '㈲勢州屋', '', '', '', '', '', '964-0912', '福島県二本松市上竹２－２６８', '0243-22-3535', '', NULL, '2021-12-02 04:01:23', '2021-12-02 04:01:23'),
(246, '420110', '三菱食品株式会社', '', '', '', '', '', '379-2104', '群馬県前橋市西大室町１２５７-２', '027-268-5800', '', NULL, '2021-12-02 04:01:23', '2021-12-02 04:01:23'),
(247, '500010', '株式会社ペスカリッチ', '', '', '', '', '', '104-0044', '東京都中央区明石町２-１　松屋明石町本館ビル２Ｆ', '03-5546-1351', '', NULL, '2021-12-02 04:01:23', '2021-12-02 04:01:23'),
(248, '500020', '（株）佐藤ケミカル', '', '', '', '', '', '270-0132', '千葉県流山市駒木６３１', '04-7152-8911', '', NULL, '2021-12-02 04:01:23', '2021-12-02 04:01:23'),
(249, '500030', '三友産業株式会社', '', '', '', '', '', '333-0848', '埼玉県川口市芝下　3-25-12', '048-263-5120', '', NULL, '2021-12-02 04:01:24', '2021-12-02 04:01:24'),
(250, '500040', '株式会社伸侊', '', '', '', '', '', '203-0031', '東京都東久留米市南町４－８－５', '042-475-4594', '', NULL, '2021-12-02 04:01:24', '2021-12-02 04:01:24'),
(251, '292700', '㈱京都タンパク', '', '', '', '', '', '612-8244', '京都府京都市伏見区横大路千両松町２００', '075-622-3161', '', NULL, '2021-12-02 04:01:24', '2021-12-02 04:01:24'),
(252, '298800', '㈱若草食品', '', '', '', '', '', '635-0818', '奈良県北葛城郡広陵町南１７８', '07455-7-1110', '', NULL, '2021-12-02 04:01:24', '2021-12-02 04:01:24'),
(253, '921800', '三菱食品㈱　関西支社', '', '', '', '', '', '560-0004', '大阪府豊中市少路１－１０－１', '06-6105-2729', '', NULL, '2021-12-02 04:01:24', '2021-12-02 04:01:24'),
(254, '937600', '㈱三喜屋', '', '', '', '', '', '664-0873', '兵庫県伊丹市野間３－１－１', '0727-79-5122', '', NULL, '2021-12-02 04:01:24', '2021-12-02 04:01:24'),
(255, '961200', '㈱銀装', '', '', '', '', '', '542-0085', '大阪府大阪市中央区心斎橋筋１－４－２４', '092-641-3922', '', NULL, '2021-12-02 04:01:24', '2021-12-02 04:01:24'),
(256, '963900', '資生堂ジャパン㈱　経理総務部', '', '', '', '', '', '105-8620', '東京都港区浜松町２－３－１', '03-6218-5615', '', NULL, '2021-12-02 04:01:25', '2021-12-02 04:01:25'),
(257, '974800', '長谷川工業㈱', '', '', '', '', '', '550-0002', '大阪府大阪市西区江戸堀２－１－１　江戸堀センタービル１４階', '06-6446-1817', '', NULL, '2021-12-02 04:01:25', '2021-12-02 04:01:25'),
(258, '987700', '三栄水栓製作所㈱', '', '', '', '', '', '537-0023', '大阪府大阪市東成区玉津　１－１２－２７', '06-6972-5921', '', NULL, '2021-12-02 04:01:25', '2021-12-02 04:01:25');

-- --------------------------------------------------------

--
-- Table structure for table `users_details`
--

CREATE TABLE `users_details` (
  `users_details_id` int UNSIGNED NOT NULL COMMENT 'users_details_id',
  `user_id` int UNSIGNED NOT NULL COMMENT 'users_id',
  `first_name` varchar(80) COLLATE utf8mb4_unicode_ci DEFAULT NULL COMMENT 'first_name',
  `last_name` varchar(80) COLLATE utf8mb4_unicode_ci DEFAULT NULL COMMENT 'last_name',
  `phone` varchar(20) COLLATE utf8mb4_unicode_ci DEFAULT NULL COMMENT 'Phone Number',
  `date_of_birth` date DEFAULT NULL,
  `gender` enum('Male','Female','Others') COLLATE utf8mb4_unicode_ci NOT NULL DEFAULT 'Male' COMMENT 'Gender of Users',
  `postal_code` varchar(40) COLLATE utf8mb4_unicode_ci DEFAULT NULL COMMENT 'postal_code',
  `country` char(2) COLLATE utf8mb4_unicode_ci DEFAULT NULL,
  `language` char(2) COLLATE utf8mb4_unicode_ci DEFAULT NULL,
  `time_zone` varchar(40) COLLATE utf8mb4_unicode_ci DEFAULT NULL COMMENT 'time_zone',
  `citi_time_zone` varchar(40) COLLATE utf8mb4_unicode_ci DEFAULT NULL COMMENT 'citime_zone',
  `image` varchar(240) COLLATE utf8mb4_unicode_ci DEFAULT NULL COMMENT 'Image of user',
  `created_at` datetime NOT NULL DEFAULT CURRENT_TIMESTAMP COMMENT 'Time of creation',
  `updated_at` datetime NOT NULL DEFAULT CURRENT_TIMESTAMP ON UPDATE CURRENT_TIMESTAMP COMMENT 'Time of Update',
  `deleted_at` timestamp NULL DEFAULT NULL
) ENGINE=InnoDB DEFAULT CHARSET=utf8mb4 COLLATE=utf8mb4_unicode_ci;

--
-- Dumping data for table `users_details`
--

INSERT INTO `users_details` (`users_details_id`, `user_id`, `first_name`, `last_name`, `phone`, `date_of_birth`, `gender`, `postal_code`, `country`, `language`, `time_zone`, `citi_time_zone`, `image`, `created_at`, `deleted_at`) VALUES
(1, 1, NULL, NULL, NULL, NULL, 'Male', NULL, NULL, NULL, NULL, NULL, NULL, '2021-12-02 15:16:01', NULL),
(2, 2, NULL, NULL, NULL, NULL, 'Male', NULL, NULL, NULL, NULL, NULL, NULL, '2021-12-02 15:16:01', NULL),
(3, 3, NULL, NULL, NULL, NULL, 'Male', NULL, NULL, NULL, NULL, NULL, NULL, '2021-12-02 15:16:01', NULL);

--
-- Indexes for dumped tables
--

--
-- Indexes for table `adm_users`
--
ALTER TABLE `adm_users`
  ADD PRIMARY KEY (`id`),
  ADD UNIQUE KEY `adm_users_email_unique` (`email`);

--
-- Indexes for table `buyers`
--
ALTER TABLE `buyers`
  ADD PRIMARY KEY (`buyer_id`),
  ADD UNIQUE KEY `buyers_super_code_unique` (`super_code`);

--
-- Indexes for table `connects`
--
ALTER TABLE `connects`
  ADD PRIMARY KEY (`connect_id`),
  ADD KEY `connects_seller_id_foreign` (`seller_id`),
  ADD KEY `connects_buyer_id_foreign` (`buyer_id`);

--
-- Indexes for table `data_counts`
--
ALTER TABLE `data_counts`
  ADD PRIMARY KEY (`data_count_id`),
  ADD KEY `data_counts_seller_id_foreign` (`seller_id`),
  ADD KEY `data_counts_buyer_id_foreign` (`buyer_id`);

--
-- Indexes for table `migrations`
--
ALTER TABLE `migrations`
  ADD PRIMARY KEY (`id`);

--
-- Indexes for table `model_has_permissions`
--
ALTER TABLE `model_has_permissions`
  ADD PRIMARY KEY (`permission_id`,`model_id`,`model_type`),
  ADD KEY `model_has_permissions_model_id_model_type_index` (`model_id`,`model_type`);

--
-- Indexes for table `model_has_roles`
--
ALTER TABLE `model_has_roles`
  ADD PRIMARY KEY (`role_id`,`model_id`,`model_type`),
  ADD KEY `model_has_roles_model_id_model_type_index` (`model_id`,`model_type`);

--
-- Indexes for table `password_resets`
--
ALTER TABLE `password_resets`
  ADD KEY `password_resets_email_index` (`email`);

--
-- Indexes for table `permissions`
--
ALTER TABLE `permissions`
  ADD PRIMARY KEY (`id`);

--
-- Indexes for table `roles`
--
ALTER TABLE `roles`
  ADD PRIMARY KEY (`id`);

--
-- Indexes for table `role_has_permissions`
--
ALTER TABLE `role_has_permissions`
  ADD PRIMARY KEY (`permission_id`,`role_id`),
  ADD KEY `role_has_permissions_role_id_foreign` (`role_id`);

--
-- Indexes for table `sellers`
--
ALTER TABLE `sellers`
  ADD PRIMARY KEY (`seller_id`),
  ADD UNIQUE KEY `sellers_j_code_unique` (`j_code`);

--
-- Indexes for table `users_details`
--
ALTER TABLE `users_details`
  ADD PRIMARY KEY (`users_details_id`),
  ADD KEY `users_details_user_id_foreign` (`user_id`);

--
-- AUTO_INCREMENT for dumped tables
--

--
-- AUTO_INCREMENT for table `adm_users`
--
ALTER TABLE `adm_users`
  MODIFY `id` int UNSIGNED NOT NULL AUTO_INCREMENT, AUTO_INCREMENT=4;

--
-- AUTO_INCREMENT for table `buyers`
--
ALTER TABLE `buyers`
  MODIFY `buyer_id` int UNSIGNED NOT NULL AUTO_INCREMENT, AUTO_INCREMENT=53;

--
-- AUTO_INCREMENT for table `connects`
--
ALTER TABLE `connects`
  MODIFY `connect_id` int UNSIGNED NOT NULL AUTO_INCREMENT, AUTO_INCREMENT=124;

--
-- AUTO_INCREMENT for table `data_counts`
--
ALTER TABLE `data_counts`
  MODIFY `data_count_id` int UNSIGNED NOT NULL AUTO_INCREMENT, AUTO_INCREMENT=248;

--
-- AUTO_INCREMENT for table `migrations`
--
ALTER TABLE `migrations`
  MODIFY `id` int UNSIGNED NOT NULL AUTO_INCREMENT, AUTO_INCREMENT=31;

--
-- AUTO_INCREMENT for table `permissions`
--
ALTER TABLE `permissions`
  MODIFY `id` int UNSIGNED NOT NULL AUTO_INCREMENT, AUTO_INCREMENT=31;

--
-- AUTO_INCREMENT for table `roles`
--
ALTER TABLE `roles`
  MODIFY `id` int UNSIGNED NOT NULL AUTO_INCREMENT, AUTO_INCREMENT=4;

--
-- AUTO_INCREMENT for table `sellers`
--
ALTER TABLE `sellers`
  MODIFY `seller_id` int UNSIGNED NOT NULL AUTO_INCREMENT, AUTO_INCREMENT=259;

--
-- AUTO_INCREMENT for table `users_details`
--
ALTER TABLE `users_details`
  MODIFY `users_details_id` int UNSIGNED NOT NULL AUTO_INCREMENT COMMENT 'users_details_id', AUTO_INCREMENT=4;

--
-- Constraints for dumped tables
--

--
-- Constraints for table `connects`
--
ALTER TABLE `connects`
  ADD CONSTRAINT `connects_buyer_id_foreign` FOREIGN KEY (`buyer_id`) REFERENCES `buyers` (`buyer_id`) ON DELETE CASCADE,
  ADD CONSTRAINT `connects_seller_id_foreign` FOREIGN KEY (`seller_id`) REFERENCES `sellers` (`seller_id`) ON DELETE CASCADE;

--
-- Constraints for table `data_counts`
--
ALTER TABLE `data_counts`
  ADD CONSTRAINT `data_counts_buyer_id_foreign` FOREIGN KEY (`buyer_id`) REFERENCES `buyers` (`buyer_id`) ON DELETE CASCADE,
  ADD CONSTRAINT `data_counts_seller_id_foreign` FOREIGN KEY (`seller_id`) REFERENCES `sellers` (`seller_id`) ON DELETE CASCADE;

--
-- Constraints for table `model_has_permissions`
--
ALTER TABLE `model_has_permissions`
  ADD CONSTRAINT `model_has_permissions_permission_id_foreign` FOREIGN KEY (`permission_id`) REFERENCES `permissions` (`id`) ON DELETE CASCADE;

--
-- Constraints for table `model_has_roles`
--
ALTER TABLE `model_has_roles`
  ADD CONSTRAINT `model_has_roles_role_id_foreign` FOREIGN KEY (`role_id`) REFERENCES `roles` (`id`) ON DELETE CASCADE;

--
-- Constraints for table `role_has_permissions`
--
ALTER TABLE `role_has_permissions`
  ADD CONSTRAINT `role_has_permissions_permission_id_foreign` FOREIGN KEY (`permission_id`) REFERENCES `permissions` (`id`) ON DELETE CASCADE,
  ADD CONSTRAINT `role_has_permissions_role_id_foreign` FOREIGN KEY (`role_id`) REFERENCES `roles` (`id`) ON DELETE CASCADE;

--
-- Constraints for table `users_details`
--
ALTER TABLE `users_details`
  ADD CONSTRAINT `users_details_user_id_foreign` FOREIGN KEY (`user_id`) REFERENCES `adm_users` (`id`) ON DELETE CASCADE;
COMMIT;

/*!40101 SET CHARACTER_SET_CLIENT=@OLD_CHARACTER_SET_CLIENT */;
/*!40101 SET CHARACTER_SET_RESULTS=@OLD_CHARACTER_SET_RESULTS */;
/*!40101 SET COLLATION_CONNECTION=@OLD_COLLATION_CONNECTION */;
